CREATE SCHEMA IF NOT EXISTS kxp132330_library;
USE hxk132730_library;


CREATE TABLE IF NOT EXISTS BORROWER (
    Card_no int NOT NULL,
    Name varchar(20) NOT NULL,
    Address VARCHAR(20) NOT NULL,
    Phone VARCHAR(20) NOT NULL,
    PRIMARY KEY (Card_no)
);

CREATE TABLE IF NOT EXISTS LIBRARY_BRANCH (
    Branch_id INT NOT NULL,
    Branch_name VARCHAR(20) NOT NULL,
    Address VARCHAR(20) NOT NULL,
    PRIMARY KEY (Branch_id)
);

CREATE TABLE IF NOT EXISTS PUBLISHER (
    Name varchar(20) NOT NULL,
    Address VARCHAR(20) NOT NULL,
    Phone VARCHAR(20) NOT NULL,
    PRIMARY KEY (Name)
);


CREATE TABLE IF NOT EXISTS BOOK (
    Book_id VARCHAR(10) NOT NULL,
    Title VARCHAR(20) NOT NULL,
    Publisher_name VARCHAR(20) NOT NULL,
    PRIMARY KEY (Book_id),
    FOREIGN KEY (Publisher_name)
        references PUBLISHER (name)
);

CREATE TABLE IF NOT EXISTS BOOK_AUTHORS (
    Book_id VARCHAR(10) NOT NULL,
    Author_name VARCHAR(20) NOT NULL,
    PRIMARY KEY (Book_id , Author_name),
    FOREIGN KEY (Book_id)
        references BOOK (Book_id)
);

CREATE TABLE IF NOT EXISTS BOOK_COPIES (
    Book_id VARCHAR(10) NOT NULL,
    Branch_id INT NOT NULL,
    No_of_copies INT NOT NULL,
    PRIMARY KEY (Book_id,Branch_id),
    FOREIGN KEY (Book_id)
        references BOOK (Book_id),
    FOREIGN KEY (Branch_id)
        references LIBRARY_BRANCH (Branch_id)
);

CREATE TABLE IF NOT EXISTS BOOK_LOANS (
    Book_id VARCHAR(10) NOT NULL,
    Branch_id INT NOT NULL,
    Card_no int NOT NULL,
    Date_out Date,
    Due_date Date,
    PRIMARY KEY (Book_id , Branch_id , Card_no),
    FOREIGN KEY (Book_id)
        references BOOK (Book_id),
    FOREIGN KEY (Branch_id)
        references LIBRARY_BRANCH (Branch_id),
    FOREIGN KEY (Card_no)
        references BORROWER (Card_no)
);
-- -------------------------------------------------------------------------------
INSERT INTO BORROWER VALUES(111111100,'Jared James','123 Peachtree, Atlanta, GA','(951) 818-4967');
INSERT INTO BORROWER VALUES(111111101,'Jon Jones','111 Allgood, Atlanta, GA','(382) 354-6154');
INSERT INTO BORROWER VALUES(111111102,'Justin Mark','2342 May, Atlanta, GA','(784) 537-6659');
INSERT INTO BORROWER VALUES(111111103,'Brad Knight','176 Main St., Atlanta, GA','(727) 440-0422');
INSERT INTO BORROWER VALUES(123456789,'John Smith','731 Fondren, Houston, TX','(353) 328-2218');
INSERT INTO BORROWER VALUES(222222200,'Evan Wallis','134 Pelham, Milwaukee, WI','(491) 789-9683');
INSERT INTO BORROWER VALUES(222222201,'Josh Zell','266 McGrady, Milwaukee, WI','(971) 718-7235');
INSERT INTO BORROWER VALUES(222222202,'Andy Vile','1967 Jordan, Milwaukee, WI','(551) 374-5503');
INSERT INTO BORROWER VALUES(222222203,'Tom Brand','112 Third St, Milwaukee, WI','(459) 897-9919');
INSERT INTO BORROWER VALUES(222222204,'Jenny Vos','263 Mayberry, Milwaukee, WI','(588) 611-1968');
INSERT INTO BORROWER VALUES(222222205,'Chris Carter','565 Jordan, Milwaukee, WI','(450) 314-8107');
INSERT INTO BORROWER VALUES(333333300,'Kim Grace','6677 Mills Ave, Sacramento, CA','(691) 743-9888');
INSERT INTO BORROWER VALUES(333333301,'Jeff Chase','145 Bradbury, Sacramento, CA','(372) 255-6961');
INSERT INTO BORROWER VALUES(333445555,'Franklin Wong','638 Voss, Houston, TX','(933) 321-8228');
INSERT INTO BORROWER VALUES(444444400,'Alex Freed','4333 Pillsbury, Milwaukee, WI','(449) 362-2794');
INSERT INTO BORROWER VALUES(444444401,'Bonnie Bays','111 Hollow, Milwaukee, WI','(403) 453-8639');
INSERT INTO BORROWER VALUES(444444402,'Alec Best','233 Solid, Milwaukee, WI','(636) 940-0022');
INSERT INTO BORROWER VALUES(444444403,'Sam Snedden','987 Windy St, Milwaukee, WI','(762) 684-5034');
INSERT INTO BORROWER VALUES(453453453,'Joyce English','5631 Rice, Houston, TX','(323) 375-5925');
INSERT INTO BORROWER VALUES(555555500,'John James','7676 Bloomington, Sacramento, CA','(455) 592-4524');
INSERT INTO BORROWER VALUES(222222209,'John Smith','2103 E. Brazos, Victoria, TX','(973) 482-1856');
INSERT INTO BORROWER VALUES(555555501,'Nandita Ball','222 Howard, Sacramento, CA','(505) 949-3746');
INSERT INTO BORROWER VALUES(666666600,'Bob Bender','8794 Garfield, Chicago, IL','(731) 223-8737');
INSERT INTO BORROWER VALUES(666666601,'Jill Jarvis','6234 Lincoln, Chicago, IL','(663) 900-1067');
INSERT INTO BORROWER VALUES(666666602,'Kate King','1976 Boone Trace, Chicago, IL','(334) 606-1839');
INSERT INTO BORROWER VALUES(666666603,'Lyle Leslie','417 Hancock Ave, Chicago, IL','(589) 211-0844');
INSERT INTO BORROWER VALUES(666666604,'Billie King','556 Washington, Chicago, IL','(927) 639-4407');
INSERT INTO BORROWER VALUES(666666605,'Jon Kramer','1988 Windy Creek, Seattle, WA','(919) 698-9121');
INSERT INTO BORROWER VALUES(666666606,'Ray King','213 Delk Road, Seattle, WA','(305) 606-7831');
INSERT INTO BORROWER VALUES(666666607,'Gerald Small','122 Ball Street, Dallas, TX','(649) 217-6716');
INSERT INTO BORROWER VALUES(666666608,'Arnold Head','233 Spring St, Dallas, TX','(875) 738-0055');
INSERT INTO BORROWER VALUES(666666609,'Helga Pataki','101 Holyoke St, Dallas, TX','(310) 380-9260');
INSERT INTO BORROWER VALUES(666666610,'Naveen Drew','198 Elm St, Philadelphia, PA','(951) 931-7427');
INSERT INTO BORROWER VALUES(666666611,'Carl Reedy','213 Ball St, Philadelphia, PA','(352) 757-0242');
INSERT INTO BORROWER VALUES(666666612,'Sammy Hall','433 Main Street, Miami, FL','(233) 573-4872');
INSERT INTO BORROWER VALUES(666666613,'Red Bacher','196 Elm Street, Miami, FL','(252) 631-2972');
INSERT INTO BORROWER VALUES(666884444,'Ramesh Narayan','971 Fire Oak, Humble, TX','(795) 414-1503');
INSERT INTO BORROWER VALUES(888665555,'James Borg','450 Stone, Houston, TX','(894) 213-1551');
INSERT INTO BORROWER VALUES(987654321,'Jennifer Wallace','291 Berry, Bellaire, TX','(786) 486-4159');
INSERT INTO BORROWER VALUES(987987987,'Ahmad Jabbar','980 Dallas, Houston, TX','(582) 934-7146');
INSERT INTO BORROWER VALUES(999887777,'Alicia Zelaya','3321 Castle, Spring, TX','(534) 535-7531');

-- -----------------------------------------------------------------------------

INSERT INTO LIBRARY_BRANCH VALUES(1,'Oak Lawn','4100 Cedar Springs Road, 75219');
INSERT INTO LIBRARY_BRANCH VALUES(2,'Lakewood','6121 Worth Street, 75214');
INSERT INTO LIBRARY_BRANCH VALUES(3,'Grauwyler Park','2146 Gilford Street, 75235');
INSERT INTO LIBRARY_BRANCH VALUES(4,'Highland Hills','3624 Simpson Stuart Road, 75241');
INSERT INTO LIBRARY_BRANCH VALUES(5,'Audelia Road','10045 Audelia Road, 75238');


-- -----------------------------------------------------------------------------
INSERT INTO PUBLISHER VALUES('Belknap Press','San Francisco','(415) 787-1331');
INSERT INTO PUBLISHER VALUES('Bloomsbury Publishing','Chicago','(312) 922-8844');
INSERT INTO PUBLISHER VALUES('Chronicle Books','London','(020) 9816-5312');
INSERT INTO PUBLISHER VALUES('Doubleday Press','New York','(212) 386-1252');
INSERT INTO PUBLISHER VALUES('Penguin Press','New York','(212) 386-1252');
INSERT INTO PUBLISHER VALUES('Random House','Los Angeles','(213) 335-8347');
-- -----------------------------------------------------------------------------

INSERT INTO BOOK VALUES('30059380','Fundamentals of Analytical Chemistry','Random House');
INSERT INTO BOOK VALUES('30303370','Essentials of Chemistry','Bloomsbury Publishing');
INSERT INTO BOOK VALUES('30615372','The Mbuti Pygmies','Chronicle Books');
INSERT INTO BOOK VALUES('60287659','The Stones Are Hatching','Penguin Press');
INSERT INTO BOOK VALUES('60393645','Healthy Life Kitchen','Doubleday Press');
INSERT INTO BOOK VALUES('60930497','Finding Darwin God: Scientists Search for Common Ground','Random House');
INSERT INTO BOOK VALUES('60959290','Among the Russians','Random House');
INSERT INTO BOOK VALUES('70121430','Introduction to Algorithms','Doubleday Press');
INSERT INTO BOOK VALUES('70349096','Distillation Design','Chronicle Books');
INSERT INTO BOOK VALUES('70498415','Perrys Chemical Engineers Handbook','Penguin Press');
INSERT INTO BOOK VALUES('70571864','Chemical Technicians Ready Reference Handbook','Random House');
INSERT INTO BOOK VALUES('71354190','Science at the Extreme: Scientists on the Cutting Edge of Discovery','Penguin Press');
INSERT INTO BOOK VALUES('72127317','PHP 4 Developers Guide','Bloomsbury Publishing');
INSERT INTO BOOK VALUES('72127481','HACKING EXPOSED: NETWORK SECURITY SECRETS AND SOLUTIONS','Belknap Press');
INSERT INTO BOOK VALUES('78823927','Teach yourself C++','Chronicle Books');
INSERT INTO BOOK VALUES('78823978','The complete reference HTML','Doubleday Press');
INSERT INTO BOOK VALUES('120594757','Practical Process Research and Development','Doubleday Press');
INSERT INTO BOOK VALUES('120848104','Costa Rica: The Ecotraveller Wildlife Guide','Penguin Press');
INSERT INTO BOOK VALUES('125535600','Theory and Applications of Numerical Analysis','Belknap Press');
INSERT INTO BOOK VALUES('130264857','Algebra 1','Bloomsbury Publishing');
INSERT INTO BOOK VALUES('130273635','Thinking in Java','Bloomsbury Publishing');
INSERT INTO BOOK VALUES('130819735','Essentials of management','Penguin Press');
INSERT INTO BOOK VALUES('134897250','Object Oriented Software Engineering, Conquering Complex and Changing Systems','Random House');
INSERT INTO BOOK VALUES('136603904','Assembly Language for Intel-Based Computers','Chronicle Books');
INSERT INTO BOOK VALUES('137566107','IBM PC Assembly Language and Programming, Fourth Edition','Belknap Press');
INSERT INTO BOOK VALUES('138613370','A First Course in Database Systems','Chronicle Books');
INSERT INTO BOOK VALUES('151004714','The Last Life','Belknap Press');
INSERT INTO BOOK VALUES('156007088','Walking with the Wind','Belknap Press');
INSERT INTO BOOK VALUES('156007754','Blindness','Penguin Press');
INSERT INTO BOOK VALUES('198503652','The Meme Machine','Chronicle Books');
INSERT INTO BOOK VALUES('201379260','The C++ Standard Library : A Tutorial and Reference','Belknap Press');
INSERT INTO BOOK VALUES('201612585','Oracle8 Programming a primer','Belknap Press');
INSERT INTO BOOK VALUES('201615622','Exceptional C++: 47 Engineering Puzzles, Programming Problems','Bloomsbury Publishing');
INSERT INTO BOOK VALUES('201615711','Network Programming with Perl','Doubleday Press');
INSERT INTO BOOK VALUES('201634422','An Engineering Approach to computer networks','Chronicle Books');
INSERT INTO BOOK VALUES('201700735','The C++ Programming Language Special Edition','Penguin Press');
INSERT INTO BOOK VALUES('201709287','Foundation for Future Database Systems: The Third Manifesto','Doubleday Press');
INSERT INTO BOOK VALUES('256228779','Marketing: Creating Value for Customers','Bloomsbury Publishing');
INSERT INTO BOOK VALUES('262041642','Robot Shaping: An Experiment in Behavior Engineering','Penguin Press');
INSERT INTO BOOK VALUES('262133822','Robo Sapiens: Evolution of a New Species','Penguin Press');
INSERT INTO BOOK VALUES('262181916','Advice for a Young Investigator','Random House');
INSERT INTO BOOK VALUES('312135033','Great Catherine','Penguin Press');
INSERT INTO BOOK VALUES('312965095','This Time for Keeps','Bloomsbury Publishing');
INSERT INTO BOOK VALUES('314129499','American Government','Chronicle Books');
INSERT INTO BOOK VALUES('316154075','A Darkness More than Night','Belknap Press');
INSERT INTO BOOK VALUES('316695262','Right as Rain','Penguin Press');
INSERT INTO BOOK VALUES('316769487','Catcher in the Rye','Chronicle Books');
INSERT INTO BOOK VALUES('345298063','Peter the Great : His Life and World','Doubleday Press');
INSERT INTO BOOK VALUES('345313860','The vampire lestat','Chronicle Books');
INSERT INTO BOOK VALUES('345337662','Interview with a vampire','Bloomsbury Publishing');
INSERT INTO BOOK VALUES('345350499','The mists of avalon','Bloomsbury Publishing');
INSERT INTO BOOK VALUES('345370775','Jurassic Park','Belknap Press');
INSERT INTO BOOK VALUES('345377648','Lasher','Bloomsbury Publishing');
INSERT INTO BOOK VALUES('345384466','The Witching Hour','Penguin Press');
INSERT INTO BOOK VALUES('345417623','Timeline','Random House');
INSERT INTO BOOK VALUES('345419758','Air Force One Has Landed','Chronicle Books');
INSERT INTO BOOK VALUES('345438310','Nicholas and Alexandra','Doubleday Press');
INSERT INTO BOOK VALUES('374141231','The Second Creation: Dolly and the Age of Biological Control','Bloomsbury Publishing');
INSERT INTO BOOK VALUES('375400818','Reading Lyrics','Doubleday Press');
INSERT INTO BOOK VALUES('375502025','The Greatest Generation','Belknap Press');
INSERT INTO BOOK VALUES('375810609','Bonjour Babar','Belknap Press');
INSERT INTO BOOK VALUES('385326653','Kits Wilderness','Bloomsbury Publishing');
INSERT INTO BOOK VALUES('385479565','The Hot Zone','Belknap Press');
INSERT INTO BOOK VALUES('387987010','Rare Earth: Why Complex Life is Uncommon in the Universe','Random House');
INSERT INTO BOOK VALUES('393314251','The Mismeasure of Man','Belknap Press');
INSERT INTO BOOK VALUES('393316009','Ship Fever','Bloomsbury Publishing');
INSERT INTO BOOK VALUES('395851580','George and Martha the complete stories of two best friends','Random House');
INSERT INTO BOOK VALUES('399146652','The Cat Who Smelled a Rat"','Penguin Press');
INSERT INTO BOOK VALUES('399147020','Blood Lure"','Random House');
INSERT INTO BOOK VALUES('399501487','Lord of the Flies: A Novel','Doubleday Press');
INSERT INTO BOOK VALUES('425133540','The Sum of All Fears','Chronicle Books');
INSERT INTO BOOK VALUES('425143325','Without Remorse','Penguin Press');
INSERT INTO BOOK VALUES('425147584','Debt Of Honor','Chronicle Books');
INSERT INTO BOOK VALUES('439064864','Harry Potter and the chambers of secrets','Chronicle Books');
INSERT INTO BOOK VALUES('439136350','Harry Potter and the chamber of secrets','Chronicle Books');
INSERT INTO BOOK VALUES('439139597','Harry Potter and the goblet of fire','Penguin Press');
INSERT INTO BOOK VALUES('440413729','Belle Prater\'s Boy','Belknap Press');
INSERT INTO BOOK VALUES('446310783','To Kill a Mockingbird','Chronicle Books');
INSERT INTO BOOK VALUES('449202496','All Quiet on the Western Front','Doubleday Press');
INSERT INTO BOOK VALUES('449911942','Rabbit at Rest','Bloomsbury Publishing');
INSERT INTO BOOK VALUES('452272971','A Very Long Engagement','Belknap Press');
INSERT INTO BOOK VALUES('465041752','The Ape and the Sushi Master','Random House');
INSERT INTO BOOK VALUES('471105597','Fundamentals of Physics Extended','Doubleday Press');
INSERT INTO BOOK VALUES('471135615','Islands In the Sky: Bold New Ideas for Colonizing Space','Belknap Press');
INSERT INTO BOOK VALUES('471169196','Financial Accounting: tools for business decision making','Penguin Press');
INSERT INTO BOOK VALUES('471534781','Elementary Principles of Chemical Processes','Belknap Press');
INSERT INTO BOOK VALUES('471587192','SALAS and HILLES CALCULUS','Penguin Press');
INSERT INTO BOOK VALUES('471597619','Analytical Chemistry','Bloomsbury Publishing');
INSERT INTO BOOK VALUES('505523078','Virtual Heaven','Penguin Press');
INSERT INTO BOOK VALUES('517707950','The Law of Love','Random House');
INSERT INTO BOOK VALUES('528838180','Coast-to-Coast Games','Doubleday Press');
INSERT INTO BOOK VALUES('531164497','Spiders of North America','Bloomsbury Publishing');
INSERT INTO BOOK VALUES('534368018','A First Book of C++: From Here to There','Chronicle Books');
INSERT INTO BOOK VALUES('534944469','Discrete Mathematics with Applications','Penguin Press');
INSERT INTO BOOK VALUES('553102370','Eaters of the Dead','Random House');
INSERT INTO BOOK VALUES('553283936','The Negotiator','Bloomsbury Publishing');
INSERT INTO BOOK VALUES('553575538','Stealing Shadows','Chronicle Books');
INSERT INTO BOOK VALUES('553577476','Lady Reckless','Bloomsbury Publishing');
INSERT INTO BOOK VALUES('590262540','The Threat','Random House');
INSERT INTO BOOK VALUES('590494368','The Underground','Random House');
INSERT INTO BOOK VALUES('590494414','The Decision','Random House');
INSERT INTO BOOK VALUES('590496379','The Discovery','Penguin Press');
INSERT INTO BOOK VALUES('590956159','In the Time of Dinosausrs','Chronicle Books');
INSERT INTO BOOK VALUES('596000278','Programming Perl','Random House');
INSERT INTO BOOK VALUES('609607995','IBM and the Holocaust','Penguin Press');
INSERT INTO BOOK VALUES('618056777','Through a Window','Random House');
INSERT INTO BOOK VALUES('669076791','American Government','Penguin Press');
INSERT INTO BOOK VALUES('671032658','Green Mile, The','Chronicle Books');
INSERT INTO BOOK VALUES('671047310','The Third Option','Bloomsbury Publishing');
INSERT INTO BOOK VALUES('671880756','Making the Mummies Dance','Random House');
INSERT INTO BOOK VALUES('672314800','Sam\'s Teach Yourself UNIX in 24 Hours, Second Edition','Penguin Press');
INSERT INTO BOOK VALUES('672319241','PHP Developers Cookbook','Chronicle Books');
INSERT INTO BOOK VALUES('674003306','Lenin: A Biography','Bloomsbury Publishing');
INSERT INTO BOOK VALUES('684801523','Great Gatsby','Chronicle Books');
INSERT INTO BOOK VALUES('684818701','The New Joy of Cooking','Bloomsbury Publishing');
INSERT INTO BOOK VALUES('684856093','The 7 Habits','Doubleday Press');
INSERT INTO BOOK VALUES('684869519','Coming Home To Jerusalem: A Personal Journey','Penguin Press');
INSERT INTO BOOK VALUES('688069711','The Body Electric: Electromagnetism and the Foundation of Life','Bloomsbury Publishing');
INSERT INTO BOOK VALUES('688127371','Fish and Shellfish','Random House');
INSERT INTO BOOK VALUES('688160999','Biomimicry : Innovation Inspired by Nature','Chronicle Books');
INSERT INTO BOOK VALUES('688161995','How to Cook Meat','Random House');
INSERT INTO BOOK VALUES('688163165','Mystic River','Belknap Press');
INSERT INTO BOOK VALUES('689813813','One Horse Waiting for Me','Doubleday Press');
INSERT INTO BOOK VALUES('689829418','Totally the Messiest','Chronicle Books');
INSERT INTO BOOK VALUES('689829531','Olivia','Random House');
INSERT INTO BOOK VALUES('689836015','Silent to the Bone','Penguin Press');
INSERT INTO BOOK VALUES('716736381','The Triumph of Evolution...And the Failure of Creationism','Doubleday Press');
INSERT INTO BOOK VALUES('737800033','Every Wall a ladder','Penguin Press');
INSERT INTO BOOK VALUES('738201960','The Spark of Life : Darwin and the Primeval Soup','Belknap Press');
INSERT INTO BOOK VALUES('738204374','Rattling the Cage: Toward Legal Rights for Animals','Chronicle Books');
INSERT INTO BOOK VALUES('743202104','Joy of Cooking Soups and Stews','Chronicle Books');
INSERT INTO BOOK VALUES('743215052','The Constant Gardener','Chronicle Books');
INSERT INTO BOOK VALUES('750650869','Data Analysis for Database Design','Doubleday Press');
INSERT INTO BOOK VALUES('760049254','The Concepts of Database','Chronicle Books');
INSERT INTO BOOK VALUES('761117199','The Cake Mix Doctor','Doubleday Press');
INSERT INTO BOOK VALUES('764547161','PHP4 Bible','Doubleday Press');
INSERT INTO BOOK VALUES('767903854','In a Sunburned Country','Doubleday Press');
INSERT INTO BOOK VALUES('789305003','California Pop-Up Book','Doubleday Press');
INSERT INTO BOOK VALUES('789404257','Eyewitness Travel Guides: Italy','Bloomsbury Publishing');
INSERT INTO BOOK VALUES('792393651','Robot Learning','Penguin Press');
INSERT INTO BOOK VALUES('805057579','The Predictors','Belknap Press');
INSERT INTO BOOK VALUES('805317554','Fundamentals of Database Systems','Belknap Press');
INSERT INTO BOOK VALUES('807825859','Not Afraid of Flavor','Bloomsbury Publishing');
INSERT INTO BOOK VALUES('809299674','The Second World War in Color','Doubleday Press');
INSERT INTO BOOK VALUES('810936852','The Georgia O_Keeffe Museum','Chronicle Books');
INSERT INTO BOOK VALUES('810961695','The Family of Man','Bloomsbury Publishing');
INSERT INTO BOOK VALUES('811213668','The Emigrants','Doubleday Press');
INSERT INTO BOOK VALUES('811716937','The Sausage Making Cookbook','Belknap Press');
INSERT INTO BOOK VALUES('811826848','Beatles Anthology, The','Chronicle Books');
INSERT INTO BOOK VALUES('812093119','Statistics','Penguin Press');
INSERT INTO BOOK VALUES('812520610','Blood Brothers','Belknap Press');
INSERT INTO BOOK VALUES('812520629','The Last Aerie','Bloomsbury Publishing');
INSERT INTO BOOK VALUES('813527406','The Emergence of Life on Earth : A Historical and Scientific Overview','Random House');
INSERT INTO BOOK VALUES('821762559','Daughter of Camelot','Chronicle Books');
INSERT INTO BOOK VALUES('838479022','Looking Ahead','Bloomsbury Publishing');
INSERT INTO BOOK VALUES('849323754','Bioinformatics Basics Applications in Biological Science and Medicine','Doubleday Press');
INSERT INTO BOOK VALUES('850668093','Human-Robot Interaction','Random House');
INSERT INTO BOOK VALUES('864426429','Lonely Planet Boston','Doubleday Press');
INSERT INTO BOOK VALUES('870212850','The Hunt For Red October','Doubleday Press');
INSERT INTO BOOK VALUES('874779758','Entering Space','Chronicle Books');
INSERT INTO BOOK VALUES('882664778','Home Sausage Making','Bloomsbury Publishing');
INSERT INTO BOOK VALUES('887251714','Skiing Everyone','Doubleday Press');
INSERT INTO BOOK VALUES('910146691','North Carolina Hiking Trails','Penguin Press');
INSERT INTO BOOK VALUES('911625291','IMS for the Cobol Programmer','Random House');
INSERT INTO BOOK VALUES('911625453','VSAM for the Cobol Programmer','Chronicle Books');
INSERT INTO BOOK VALUES('911625593','DB2 for the Cobol Programmer','Chronicle Books');
INSERT INTO BOOK VALUES('911625607','CICS for the Cobol Programmer','Random House');
INSERT INTO BOOK VALUES('911625852','MVS JCL for the Cobol Programmer','Random House');
INSERT INTO BOOK VALUES('932813739','Technology of the Gods : The Incredible Sciences of the Ancients','Bloomsbury Publishing');
INSERT INTO BOOK VALUES('935039031','Streetwise Manhattan','Belknap Press');
INSERT INTO BOOK VALUES('935112510','Golf Rules Illustrated','Belknap Press');
INSERT INTO BOOK VALUES('936184388','The Best Recipe','Chronicle Books');
INSERT INTO BOOK VALUES('961470151','The Jazz Piano Book','Chronicle Books');
INSERT INTO BOOK VALUES('961549890','Kauai Underground Guide','Bloomsbury Publishing');
INSERT INTO BOOK VALUES('962477060','Fretboard Logic SE: Volumes Combined','Penguin Press');
INSERT INTO BOOK VALUES('966625307','So You Want to Live in Hawaii','Chronicle Books');
INSERT INTO BOOK VALUES('967174805','Stranger in the Woods','Bloomsbury Publishing');
INSERT INTO BOOK VALUES('967697603','Seafood Lovers Almanac','Belknap Press');
INSERT INTO BOOK VALUES('1552047210','James Herriots Favorite Dog Stories','Chronicle Books');
INSERT INTO BOOK VALUES('1557044287','Gladiator','Chronicle Books');
INSERT INTO BOOK VALUES('1565922840','Learning Perl','Doubleday Press');
INSERT INTO BOOK VALUES('1565926099','Perl for System Administration','Chronicle Books');
INSERT INTO BOOK VALUES('1565926269','Access Database Design And Programming','Penguin Press');
INSERT INTO BOOK VALUES('1565927699','PHP Pocket Reference','Belknap Press');
INSERT INTO BOOK VALUES('1566912296','Rick Steve Italy 2001','Random House');
INSERT INTO BOOK VALUES('1573225312','Native Speaker','Doubleday Press');
INSERT INTO BOOK VALUES('1576572862','The Little Green Fish','Bloomsbury Publishing');
INSERT INTO BOOK VALUES('1576573842','Santa\'s Workshop','Bloomsbury Publishing');
INSERT INTO BOOK VALUES('1581950098','Nabokovs Blues : The Scientific Odyssey of a Literary Genius','Doubleday Press');
INSERT INTO BOOK VALUES('1584500492','Game Programming Gems','Bloomsbury Publishing');
INSERT INTO BOOK VALUES('1586480103','MyWar','Doubleday Press');
INSERT INTO BOOK VALUES('1861003730','Beginning PHP4','Belknap Press');
INSERT INTO BOOK VALUES('1864364432','In Six Days : Why 50 Scientists Choose to Believe in Creation','Chronicle Books');
INSERT INTO BOOK VALUES('1878529234','Chinese Furniture','Penguin Press');
INSERT INTO BOOK VALUES('1884133258','C/C++ programmer\'s bible','Chronicle Books');
INSERT INTO BOOK VALUES('1902618351','My TV is Alive!: Real Life Robots, Future Computers and Clones','Random House');
INSERT INTO BOOK VALUES('1930110006','Data Munging with Perl','Penguin Press');
INSERT INTO BOOK VALUES('014051452X','The Penguin Guide to Jazz on C.d (Penguin Guide to Jazz on Cd, 5th Ed)','Penguin Press');
INSERT INTO BOOK VALUES('020163371X','More Effective C++ : 35 New Ways to Improve Your Programs and Designs"','Chronicle Books');
INSERT INTO BOOK VALUES('020165783X','UML Distilled, Second Edition','Penguin Press');
INSERT INTO BOOK VALUES('034538475X','The tale of the body thief','Chronicle Books');
INSERT INTO BOOK VALUES('037541164X','India Unbound','Doubleday Press');
INSERT INTO BOOK VALUES('038071115X','The Soul of a New Machine','Chronicle Books');
INSERT INTO BOOK VALUES('039914563X','Bear and the Dragon, The','Belknap Press');
INSERT INTO BOOK VALUES('042510107X','Red Storm Rising','Random House');
INSERT INTO BOOK VALUES('062593460X','Crazy Plates','Chronicle Books');
INSERT INTO BOOK VALUES('067100767X','Rain','Penguin Press');
INSERT INTO BOOK VALUES('067944551X','Jazz : A History of American Music','Bloomsbury Publishing');
INSERT INTO BOOK VALUES('067976674X','Selected Stories','Bloomsbury Publishing');
INSERT INTO BOOK VALUES('076454621X','3D Studio Max R3','Belknap Press');
INSERT INTO BOOK VALUES('083512035x','Two Year in the Melting pot','Bloomsbury Publishing');
INSERT INTO BOOK VALUES('093570261x','Chemical Structure and Bonding','Doubleday Press');
INSERT INTO BOOK VALUES('962593460X','Sushi','Chronicle Books');

-- -----------------------------------------------------------------------------------

INSERT INTO BOOK_AUTHORS VALUES('30059380','Douglas A. Skooq');
INSERT INTO BOOK_AUTHORS VALUES('30303370','William Rife');
INSERT INTO BOOK_AUTHORS VALUES('30615372','Colin M. Turnbull');
INSERT INTO BOOK_AUTHORS VALUES('60287659','Geraldine McCaughrean');
INSERT INTO BOOK_AUTHORS VALUES('60393645','Marilu Henner and Lorin Henner');
INSERT INTO BOOK_AUTHORS VALUES('60930497','Kenneth R. Miller');
INSERT INTO BOOK_AUTHORS VALUES('60959290','Colin Thubron');
INSERT INTO BOOK_AUTHORS VALUES('70121430','Thomas H. Cormen, Charles E. Leiserson, and Ronald L. Rivest ');
INSERT INTO BOOK_AUTHORS VALUES('70349096','Henry Z. Kister');
INSERT INTO BOOK_AUTHORS VALUES('70498415','Robert H. Perry');
INSERT INTO BOOK_AUTHORS VALUES('70571864','Gershon J. Shugar');
INSERT INTO BOOK_AUTHORS VALUES('71354190','Peter Lane Taylor');
INSERT INTO BOOK_AUTHORS VALUES('72127317','Blake Schwendiman');
INSERT INTO BOOK_AUTHORS VALUES('72127481','Joel Scambray');
INSERT INTO BOOK_AUTHORS VALUES('78823927','Herb Schildt');
INSERT INTO BOOK_AUTHORS VALUES('78823978','Thomas Powell');
INSERT INTO BOOK_AUTHORS VALUES('120594757','Neal G. Anderson');
INSERT INTO BOOK_AUTHORS VALUES('120848104','Les Beletsky');
INSERT INTO BOOK_AUTHORS VALUES('125535600','GM Phillips and PJ Taylor');
INSERT INTO BOOK_AUTHORS VALUES('130264857','Jan Fair and Sadie Bragg');
INSERT INTO BOOK_AUTHORS VALUES('130273635','Bruce Eckel');
INSERT INTO BOOK_AUTHORS VALUES('130819735','Jame Laudon');
INSERT INTO BOOK_AUTHORS VALUES('134897250','Bernd Bruegge and Alan H. Dutoit ');
INSERT INTO BOOK_AUTHORS VALUES('136603904','Irvine, Kip R.');
INSERT INTO BOOK_AUTHORS VALUES('137566107','Peter Abel');
INSERT INTO BOOK_AUTHORS VALUES('138613370','Jeffrey D. Ullman');
INSERT INTO BOOK_AUTHORS VALUES('151004714','Claire Messud');
INSERT INTO BOOK_AUTHORS VALUES('156007088','John Lewis');
INSERT INTO BOOK_AUTHORS VALUES('156007754','Jose Saramago, Giovanni Pontiero');
INSERT INTO BOOK_AUTHORS VALUES('198503652','Susan J. Blackmore');
INSERT INTO BOOK_AUTHORS VALUES('201379260','Nicolai M. Josuttis');
INSERT INTO BOOK_AUTHORS VALUES('201612585','Rajshekhar Sunderraman');
INSERT INTO BOOK_AUTHORS VALUES('201615622','Herb Sutter');
INSERT INTO BOOK_AUTHORS VALUES('201615711','Lincoln D Stein');
INSERT INTO BOOK_AUTHORS VALUES('201634422','S Keshav');
INSERT INTO BOOK_AUTHORS VALUES('201700735','Bjarne Stroustrup');
INSERT INTO BOOK_AUTHORS VALUES('201709287','C.J. Date, Hugh Darwen');
INSERT INTO BOOK_AUTHORS VALUES('256228779','Gilbert churchill, Paul Petter');
INSERT INTO BOOK_AUTHORS VALUES('262041642','Marco Dorigo, Marco Colombetti');
INSERT INTO BOOK_AUTHORS VALUES('262133822','Faith D Aluisio');
INSERT INTO BOOK_AUTHORS VALUES('262181916','Santiago. Ramon Y Cajal');
INSERT INTO BOOK_AUTHORS VALUES('312135033','Carolly Erickson');
INSERT INTO BOOK_AUTHORS VALUES('312965095','Kathleen Kane');
INSERT INTO BOOK_AUTHORS VALUES('314129499','Welch Gruhlt');
INSERT INTO BOOK_AUTHORS VALUES('316154075','Michael Connelly');
INSERT INTO BOOK_AUTHORS VALUES('316695262','George P. Pelecanos');
INSERT INTO BOOK_AUTHORS VALUES('316769487','Salinger, J.D.');
INSERT INTO BOOK_AUTHORS VALUES('345298063','Robert K Massie');
INSERT INTO BOOK_AUTHORS VALUES('345313860','Anne Rice');
INSERT INTO BOOK_AUTHORS VALUES('345337662','Anne Rice');
INSERT INTO BOOK_AUTHORS VALUES('345350499','Marion Zimmer Bradley');
INSERT INTO BOOK_AUTHORS VALUES('345370775','Michael Crichton');
INSERT INTO BOOK_AUTHORS VALUES('345377648','Anne Rice');
INSERT INTO BOOK_AUTHORS VALUES('345384466','Anne Rice ');
INSERT INTO BOOK_AUTHORS VALUES('345417623','Michael Crichton');
INSERT INTO BOOK_AUTHORS VALUES('345419758','Mass Market');
INSERT INTO BOOK_AUTHORS VALUES('345438310','Robert K Massie');
INSERT INTO BOOK_AUTHORS VALUES('374141231','Ian Wilmut, Colin Tudge, Keith Campbell');
INSERT INTO BOOK_AUTHORS VALUES('375400818','Robert Kimball');
INSERT INTO BOOK_AUTHORS VALUES('375502025','Tom Brokaw');
INSERT INTO BOOK_AUTHORS VALUES('375810609','Jean DE Brunhoff');
INSERT INTO BOOK_AUTHORS VALUES('385326653','David Almond');
INSERT INTO BOOK_AUTHORS VALUES('385479565','Richard Preston');
INSERT INTO BOOK_AUTHORS VALUES('387987010','Peter Douglas Ward');
INSERT INTO BOOK_AUTHORS VALUES('393314251','Stephen Jay Gould');
INSERT INTO BOOK_AUTHORS VALUES('393316009','Andrea Barrett');
INSERT INTO BOOK_AUTHORS VALUES('395851580','James Marshall');
INSERT INTO BOOK_AUTHORS VALUES('399146652','Lilian Jackson Braun');
INSERT INTO BOOK_AUTHORS VALUES('399147020','Nevada Barr');
INSERT INTO BOOK_AUTHORS VALUES('399501487','Golding, William Gerald');
INSERT INTO BOOK_AUTHORS VALUES('425133540','Tom Clancy ');
INSERT INTO BOOK_AUTHORS VALUES('425143325','Tom Clancy ');
INSERT INTO BOOK_AUTHORS VALUES('425147584','Tom Clancy ');
INSERT INTO BOOK_AUTHORS VALUES('439064864','J. K. Rowling');
INSERT INTO BOOK_AUTHORS VALUES('439136350','J. K. Rowling');
INSERT INTO BOOK_AUTHORS VALUES('439139597','J. K. Rowling');
INSERT INTO BOOK_AUTHORS VALUES('440413729','Ruth White');
INSERT INTO BOOK_AUTHORS VALUES('446310783','Lee, Harper');
INSERT INTO BOOK_AUTHORS VALUES('449202496','Erich Maria Remarque');
INSERT INTO BOOK_AUTHORS VALUES('449911942','John Updike');
INSERT INTO BOOK_AUTHORS VALUES('452272971','Sebastien Japrisot, Linda Coverdale');
INSERT INTO BOOK_AUTHORS VALUES('465041752','Frans de Waal');
INSERT INTO BOOK_AUTHORS VALUES('471105597','Halliday, Resnick, and Walker');
INSERT INTO BOOK_AUTHORS VALUES('471135615','Robert Zubrin');
INSERT INTO BOOK_AUTHORS VALUES('471169196','Kimmel Weygandt');
INSERT INTO BOOK_AUTHORS VALUES('471534781','Richard M. Felder');
INSERT INTO BOOK_AUTHORS VALUES('471587192','Garret J.Etgen');
INSERT INTO BOOK_AUTHORS VALUES('471597619','Gary D. Christian');
INSERT INTO BOOK_AUTHORS VALUES('505523078','Ann Lawrence');
INSERT INTO BOOK_AUTHORS VALUES('517707950','Esquivel, Laura');
INSERT INTO BOOK_AUTHORS VALUES('528838180','Ran McNally');
INSERT INTO BOOK_AUTHORS VALUES('531164497','Ann O. Squire');
INSERT INTO BOOK_AUTHORS VALUES('534368018','Bronson, Gary J.');
INSERT INTO BOOK_AUTHORS VALUES('534944469','Susanna S. Epp');
INSERT INTO BOOK_AUTHORS VALUES('553102370','Michael Crichton');
INSERT INTO BOOK_AUTHORS VALUES('553283936','Frederick Forsyth');
INSERT INTO BOOK_AUTHORS VALUES('553575538','Kay Hooper');
INSERT INTO BOOK_AUTHORS VALUES('553577476','Leslie Lafoy');
INSERT INTO BOOK_AUTHORS VALUES('590262540','K.A. Applegate');
INSERT INTO BOOK_AUTHORS VALUES('590494368','K.A. Applegate');
INSERT INTO BOOK_AUTHORS VALUES('590494414','K.A. Applegate');
INSERT INTO BOOK_AUTHORS VALUES('590496379','K.A. Applegate');
INSERT INTO BOOK_AUTHORS VALUES('590956159','K.A. Applegate');
INSERT INTO BOOK_AUTHORS VALUES('596000278','Larry Wall Tom Christiansen Jon Orwant');
INSERT INTO BOOK_AUTHORS VALUES('609607995','Edwin Black');
INSERT INTO BOOK_AUTHORS VALUES('618056777','Jane Goodall');
INSERT INTO BOOK_AUTHORS VALUES('669076791','James Wilson');
INSERT INTO BOOK_AUTHORS VALUES('671032658','King, Stephen');
INSERT INTO BOOK_AUTHORS VALUES('671047310','Vince Flynn');
INSERT INTO BOOK_AUTHORS VALUES('671880756','Thomas Hoving');
INSERT INTO BOOK_AUTHORS VALUES('672314800','Dave Taylor and James C. Armstrong');
INSERT INTO BOOK_AUTHORS VALUES('672319241','Sterling Hughes Andrei Zmievski');
INSERT INTO BOOK_AUTHORS VALUES('674003306','Robert Service');
INSERT INTO BOOK_AUTHORS VALUES('684801523','Fitzgerald, F. Scott');
INSERT INTO BOOK_AUTHORS VALUES('684818701','Maria D. Guarnaschelli');
INSERT INTO BOOK_AUTHORS VALUES('684856093','Sean Covey');
INSERT INTO BOOK_AUTHORS VALUES('684869519','Wendy Orange');
INSERT INTO BOOK_AUTHORS VALUES('688069711','Gary Selden');
INSERT INTO BOOK_AUTHORS VALUES('688127371','James A. Peterson');
INSERT INTO BOOK_AUTHORS VALUES('688160999','Janine M. Benyus');
INSERT INTO BOOK_AUTHORS VALUES('688161995','Chris Schlesinger');
INSERT INTO BOOK_AUTHORS VALUES('688163165','Dennis Lehane');
INSERT INTO BOOK_AUTHORS VALUES('689813813','Patricia Mullins');
INSERT INTO BOOK_AUTHORS VALUES('689829418','Preiss-Glasser');
INSERT INTO BOOK_AUTHORS VALUES('689829531','Ian Falconer');
INSERT INTO BOOK_AUTHORS VALUES('689836015','E. L. Konigsburg');
INSERT INTO BOOK_AUTHORS VALUES('716736381','Niles Eldredge');
INSERT INTO BOOK_AUTHORS VALUES('737800033','John H. Johnson');
INSERT INTO BOOK_AUTHORS VALUES('738201960','Christopher Wills');
INSERT INTO BOOK_AUTHORS VALUES('738204374','Steven M. Wise');
INSERT INTO BOOK_AUTHORS VALUES('743202104','M. Becker, Marion Becker, Ethan Becker');
INSERT INTO BOOK_AUTHORS VALUES('743215052','Le Carre, John');
INSERT INTO BOOK_AUTHORS VALUES('750650869','David Howe');
INSERT INTO BOOK_AUTHORS VALUES('760049254','Philip Pratt');
INSERT INTO BOOK_AUTHORS VALUES('761117199','Ann Byin and Anthony Loew');
INSERT INTO BOOK_AUTHORS VALUES('764547161','Tim Converse Joyce Park');
INSERT INTO BOOK_AUTHORS VALUES('767903854','Bill Bryson');
INSERT INTO BOOK_AUTHORS VALUES('789305003','Los Angeles County Museum of Art');
INSERT INTO BOOK_AUTHORS VALUES('789404257','Various');
INSERT INTO BOOK_AUTHORS VALUES('792393651','Jonalthan H. Connell, Sridhar Mahadevan (Editor)');
INSERT INTO BOOK_AUTHORS VALUES('805057579','Thomas A. Bass');
INSERT INTO BOOK_AUTHORS VALUES('805317554','Elmasri and Navathe');
INSERT INTO BOOK_AUTHORS VALUES('807825859','Ann Hawthorne');
INSERT INTO BOOK_AUTHORS VALUES('809299674','Adrian Wood');
INSERT INTO BOOK_AUTHORS VALUES('810936852','Peter H Hassrick"');
INSERT INTO BOOK_AUTHORS VALUES('810961695','Edward Steichen');
INSERT INTO BOOK_AUTHORS VALUES('811213668','W. G. Sebald, Michael Hulse');
INSERT INTO BOOK_AUTHORS VALUES('811716937','Jerry Predika');
INSERT INTO BOOK_AUTHORS VALUES('811826848','The Beatles');
INSERT INTO BOOK_AUTHORS VALUES('812093119','Martin Sternstein');
INSERT INTO BOOK_AUTHORS VALUES('812520610','Brian Lumley ');
INSERT INTO BOOK_AUTHORS VALUES('812520629','Brian Lumley ');
INSERT INTO BOOK_AUTHORS VALUES('813527406','Iris Fry');
INSERT INTO BOOK_AUTHORS VALUES('821762559','Quinn Taylor Evans');
INSERT INTO BOOK_AUTHORS VALUES('838479022','Elizabeth Byleen');
INSERT INTO BOOK_AUTHORS VALUES('849323754','Hooman H. Rashidi');
INSERT INTO BOOK_AUTHORS VALUES('850668093','Mansour Rahimi (Editor), Waldemar Karwowski (Editor)');
INSERT INTO BOOK_AUTHORS VALUES('864426429','Kim Grant');
INSERT INTO BOOK_AUTHORS VALUES('870212850',' Tom Clancy ');
INSERT INTO BOOK_AUTHORS VALUES('874779758','Robert Zubrin');
INSERT INTO BOOK_AUTHORS VALUES('882664778','Charles G. Reavis');
INSERT INTO BOOK_AUTHORS VALUES('887251714','Jim Cottrell');
INSERT INTO BOOK_AUTHORS VALUES('910146691','Allen DE Hart');
INSERT INTO BOOK_AUTHORS VALUES('911625291','Steve Eckols');
INSERT INTO BOOK_AUTHORS VALUES('911625453','Doug Lowe');
INSERT INTO BOOK_AUTHORS VALUES('911625593','Steve Eckols');
INSERT INTO BOOK_AUTHORS VALUES('911625607','Doug Lowe');
INSERT INTO BOOK_AUTHORS VALUES('911625852','Doug Lowe');
INSERT INTO BOOK_AUTHORS VALUES('932813739','David Hatcher Childress');
INSERT INTO BOOK_AUTHORS VALUES('935039031','Michael Brown');
INSERT INTO BOOK_AUTHORS VALUES('935112510','Clarke, Greg');
INSERT INTO BOOK_AUTHORS VALUES('936184388','Carl Tremblay');
INSERT INTO BOOK_AUTHORS VALUES('961470151','Mark Levine');
INSERT INTO BOOK_AUTHORS VALUES('961549890','Lenore W. Horowitz');
INSERT INTO BOOK_AUTHORS VALUES('962477060','Bill Edwards');
INSERT INTO BOOK_AUTHORS VALUES('966625307','Toni Polancy');
INSERT INTO BOOK_AUTHORS VALUES('967174805','Carl R. Sam and Jean Stoick');
INSERT INTO BOOK_AUTHORS VALUES('967697603','Mercedes Lee');
INSERT INTO BOOK_AUTHORS VALUES('1552047210','James Herriot');
INSERT INTO BOOK_AUTHORS VALUES('1557044287','Ridley Scott');
INSERT INTO BOOK_AUTHORS VALUES('1565922840','Randal Schwartz Tom Christiansen Larry Wall');
INSERT INTO BOOK_AUTHORS VALUES('1565926099','David Blank-Edelman');
INSERT INTO BOOK_AUTHORS VALUES('1565926269','Steven Roman');
INSERT INTO BOOK_AUTHORS VALUES('1565927699','Rasmus Lerdorf');
INSERT INTO BOOK_AUTHORS VALUES('1566912296','Rick Steves');
INSERT INTO BOOK_AUTHORS VALUES('1573225312','Chang-Rae Lee');
INSERT INTO BOOK_AUTHORS VALUES('1576572862','Nancy Parent');
INSERT INTO BOOK_AUTHORS VALUES('1576573842','Nancy Parent');
INSERT INTO BOOK_AUTHORS VALUES('1581950098','Kurt Johnson, Steven L. Coates');
INSERT INTO BOOK_AUTHORS VALUES('1584500492','DeLoura, Mark');
INSERT INTO BOOK_AUTHORS VALUES('1586480103','Andy Rooney and Tom Brokaw');
INSERT INTO BOOK_AUTHORS VALUES('1861003730','Chris Lea Wankyu Choi Allan Kent Ganesh Prasad Chris Ullman');
INSERT INTO BOOK_AUTHORS VALUES('1864364432','John Ashton');
INSERT INTO BOOK_AUTHORS VALUES('1878529234','Craig Clunas');
INSERT INTO BOOK_AUTHORS VALUES('1884133258','Jamsa Klander');
INSERT INTO BOOK_AUTHORS VALUES('1902618351','Mei Lim (Illustrator)');
INSERT INTO BOOK_AUTHORS VALUES('1930110006','David Cross');
INSERT INTO BOOK_AUTHORS VALUES('014051452X','Richard Cook');
INSERT INTO BOOK_AUTHORS VALUES('020163371X','Scott Meyers');
INSERT INTO BOOK_AUTHORS VALUES('020165783X','Martin Fowler with Kendall Scott ');
INSERT INTO BOOK_AUTHORS VALUES('034538475X','Anne Rice');
INSERT INTO BOOK_AUTHORS VALUES('037541164X','Gurcharan Das');
INSERT INTO BOOK_AUTHORS VALUES('038071115X','Tracy Kidder');
INSERT INTO BOOK_AUTHORS VALUES('039914563X','Clancy, Tom');
INSERT INTO BOOK_AUTHORS VALUES('042510107X','Tom Clancy ');
INSERT INTO BOOK_AUTHORS VALUES('062593460X','Janet Podleski, Greta Podleski, Ted Martin');
INSERT INTO BOOK_AUTHORS VALUES('067100767X','V.C. Andrews ');
INSERT INTO BOOK_AUTHORS VALUES('067944551X','Geoffrey C. Ward');
INSERT INTO BOOK_AUTHORS VALUES('067976674X','Alice Munro');
INSERT INTO BOOK_AUTHORS VALUES('076454621X','Murdock, Kelly L.');
INSERT INTO BOOK_AUTHORS VALUES('083512035x','Liu Zongen');
INSERT INTO BOOK_AUTHORS VALUES('093570261x','Roger L. Dekock');
INSERT INTO BOOK_AUTHORS VALUES('962593460X','Ryuichi Yoshii');
-- -------------------------------------------------------------------------

INSERT INTO BOOK_COPIES VALUES('967697603',1,0);
INSERT INTO BOOK_COPIES VALUES('967697603',2,1);
INSERT INTO BOOK_COPIES VALUES('967697603',3,4);
INSERT INTO BOOK_COPIES VALUES('967697603',4,3);
INSERT INTO BOOK_COPIES VALUES('967697603',5,0);
INSERT INTO BOOK_COPIES VALUES('375810609',1,2);
INSERT INTO BOOK_COPIES VALUES('375810609',2,1);
INSERT INTO BOOK_COPIES VALUES('375810609',3,1);
INSERT INTO BOOK_COPIES VALUES('375810609',4,1);
INSERT INTO BOOK_COPIES VALUES('375810609',5,2);
INSERT INTO BOOK_COPIES VALUES('201612585',1,0);
INSERT INTO BOOK_COPIES VALUES('201612585',2,3);
INSERT INTO BOOK_COPIES VALUES('201612585',3,1);
INSERT INTO BOOK_COPIES VALUES('201612585',4,4);
INSERT INTO BOOK_COPIES VALUES('201612585',5,4);
INSERT INTO BOOK_COPIES VALUES('1861003730',1,4);
INSERT INTO BOOK_COPIES VALUES('1861003730',2,4);
INSERT INTO BOOK_COPIES VALUES('1861003730',3,2);
INSERT INTO BOOK_COPIES VALUES('1861003730',4,4);
INSERT INTO BOOK_COPIES VALUES('1861003730',5,2);
INSERT INTO BOOK_COPIES VALUES('1565927699',1,0);
INSERT INTO BOOK_COPIES VALUES('1565927699',2,0);
INSERT INTO BOOK_COPIES VALUES('1565927699',3,4);
INSERT INTO BOOK_COPIES VALUES('1565927699',4,4);
INSERT INTO BOOK_COPIES VALUES('1565927699',5,0);
INSERT INTO BOOK_COPIES VALUES('076454621X',1,3);
INSERT INTO BOOK_COPIES VALUES('076454621X',2,3);
INSERT INTO BOOK_COPIES VALUES('076454621X',3,3);
INSERT INTO BOOK_COPIES VALUES('076454621X',4,2);
INSERT INTO BOOK_COPIES VALUES('076454621X',5,2);
INSERT INTO BOOK_COPIES VALUES('805317554',1,4);
INSERT INTO BOOK_COPIES VALUES('805317554',2,1);
INSERT INTO BOOK_COPIES VALUES('805317554',3,1);
INSERT INTO BOOK_COPIES VALUES('805317554',4,1);
INSERT INTO BOOK_COPIES VALUES('805317554',5,1);
INSERT INTO BOOK_COPIES VALUES('935112510',1,1);
INSERT INTO BOOK_COPIES VALUES('935112510',2,2);
INSERT INTO BOOK_COPIES VALUES('935112510',3,4);
INSERT INTO BOOK_COPIES VALUES('935112510',4,0);
INSERT INTO BOOK_COPIES VALUES('935112510',5,3);
INSERT INTO BOOK_COPIES VALUES('039914563X',1,4);
INSERT INTO BOOK_COPIES VALUES('039914563X',2,3);
INSERT INTO BOOK_COPIES VALUES('039914563X',3,2);
INSERT INTO BOOK_COPIES VALUES('039914563X',4,3);
INSERT INTO BOOK_COPIES VALUES('039914563X',5,2);
INSERT INTO BOOK_COPIES VALUES('137566107',1,3);
INSERT INTO BOOK_COPIES VALUES('137566107',2,4);
INSERT INTO BOOK_COPIES VALUES('137566107',3,1);
INSERT INTO BOOK_COPIES VALUES('137566107',4,1);
INSERT INTO BOOK_COPIES VALUES('137566107',5,4);
INSERT INTO BOOK_COPIES VALUES('812520610',1,2);
INSERT INTO BOOK_COPIES VALUES('812520610',2,3);
INSERT INTO BOOK_COPIES VALUES('812520610',3,2);
INSERT INTO BOOK_COPIES VALUES('812520610',4,2);
INSERT INTO BOOK_COPIES VALUES('812520610',5,0);
INSERT INTO BOOK_COPIES VALUES('385479565',1,4);
INSERT INTO BOOK_COPIES VALUES('385479565',2,0);
INSERT INTO BOOK_COPIES VALUES('385479565',3,2);
INSERT INTO BOOK_COPIES VALUES('385479565',4,2);
INSERT INTO BOOK_COPIES VALUES('385479565',5,4);
INSERT INTO BOOK_COPIES VALUES('805057579',1,1);
INSERT INTO BOOK_COPIES VALUES('805057579',2,4);
INSERT INTO BOOK_COPIES VALUES('805057579',3,2);
INSERT INTO BOOK_COPIES VALUES('805057579',4,0);
INSERT INTO BOOK_COPIES VALUES('805057579',5,0);
INSERT INTO BOOK_COPIES VALUES('935039031',1,2);
INSERT INTO BOOK_COPIES VALUES('935039031',2,4);
INSERT INTO BOOK_COPIES VALUES('935039031',3,4);
INSERT INTO BOOK_COPIES VALUES('935039031',4,0);
INSERT INTO BOOK_COPIES VALUES('935039031',5,0);
INSERT INTO BOOK_COPIES VALUES('452272971',1,0);
INSERT INTO BOOK_COPIES VALUES('452272971',2,1);
INSERT INTO BOOK_COPIES VALUES('452272971',3,0);
INSERT INTO BOOK_COPIES VALUES('452272971',4,2);
INSERT INTO BOOK_COPIES VALUES('452272971',5,2);
INSERT INTO BOOK_COPIES VALUES('151004714',1,4);
INSERT INTO BOOK_COPIES VALUES('151004714',2,3);
INSERT INTO BOOK_COPIES VALUES('151004714',3,1);
INSERT INTO BOOK_COPIES VALUES('151004714',4,0);
INSERT INTO BOOK_COPIES VALUES('151004714',5,1);
INSERT INTO BOOK_COPIES VALUES('393314251',1,0);
INSERT INTO BOOK_COPIES VALUES('393314251',2,1);
INSERT INTO BOOK_COPIES VALUES('393314251',3,3);
INSERT INTO BOOK_COPIES VALUES('393314251',4,2);
INSERT INTO BOOK_COPIES VALUES('393314251',5,4);
INSERT INTO BOOK_COPIES VALUES('811716937',1,3);
INSERT INTO BOOK_COPIES VALUES('811716937',2,2);
INSERT INTO BOOK_COPIES VALUES('811716937',3,2);
INSERT INTO BOOK_COPIES VALUES('811716937',4,3);
INSERT INTO BOOK_COPIES VALUES('811716937',5,3);
INSERT INTO BOOK_COPIES VALUES('471534781',1,4);
INSERT INTO BOOK_COPIES VALUES('471534781',2,0);
INSERT INTO BOOK_COPIES VALUES('471534781',3,4);
INSERT INTO BOOK_COPIES VALUES('471534781',4,0);
INSERT INTO BOOK_COPIES VALUES('471534781',5,0);
INSERT INTO BOOK_COPIES VALUES('688163165',1,0);
INSERT INTO BOOK_COPIES VALUES('688163165',2,2);
INSERT INTO BOOK_COPIES VALUES('688163165',3,4);
INSERT INTO BOOK_COPIES VALUES('688163165',4,1);
INSERT INTO BOOK_COPIES VALUES('688163165',5,1);
INSERT INTO BOOK_COPIES VALUES('316154075',1,4);
INSERT INTO BOOK_COPIES VALUES('316154075',2,1);
INSERT INTO BOOK_COPIES VALUES('316154075',3,4);
INSERT INTO BOOK_COPIES VALUES('316154075',4,4);
INSERT INTO BOOK_COPIES VALUES('316154075',5,1);
INSERT INTO BOOK_COPIES VALUES('471135615',1,4);
INSERT INTO BOOK_COPIES VALUES('471135615',2,1);
INSERT INTO BOOK_COPIES VALUES('471135615',3,3);
INSERT INTO BOOK_COPIES VALUES('471135615',4,4);
INSERT INTO BOOK_COPIES VALUES('471135615',5,3);
INSERT INTO BOOK_COPIES VALUES('125535600',1,0);
INSERT INTO BOOK_COPIES VALUES('125535600',2,4);
INSERT INTO BOOK_COPIES VALUES('125535600',3,2);
INSERT INTO BOOK_COPIES VALUES('125535600',4,3);
INSERT INTO BOOK_COPIES VALUES('125535600',5,2);
INSERT INTO BOOK_COPIES VALUES('156007088',1,3);
INSERT INTO BOOK_COPIES VALUES('156007088',2,1);
INSERT INTO BOOK_COPIES VALUES('156007088',3,3);
INSERT INTO BOOK_COPIES VALUES('156007088',4,2);
INSERT INTO BOOK_COPIES VALUES('156007088',5,1);
INSERT INTO BOOK_COPIES VALUES('345370775',1,1);
INSERT INTO BOOK_COPIES VALUES('345370775',2,4);
INSERT INTO BOOK_COPIES VALUES('345370775',3,3);
INSERT INTO BOOK_COPIES VALUES('345370775',4,4);
INSERT INTO BOOK_COPIES VALUES('345370775',5,4);
INSERT INTO BOOK_COPIES VALUES('375502025',1,1);
INSERT INTO BOOK_COPIES VALUES('375502025',2,2);
INSERT INTO BOOK_COPIES VALUES('375502025',3,2);
INSERT INTO BOOK_COPIES VALUES('375502025',4,0);
INSERT INTO BOOK_COPIES VALUES('375502025',5,3);
INSERT INTO BOOK_COPIES VALUES('440413729',1,1);
INSERT INTO BOOK_COPIES VALUES('440413729',2,0);
INSERT INTO BOOK_COPIES VALUES('440413729',3,3);
INSERT INTO BOOK_COPIES VALUES('440413729',4,3);
INSERT INTO BOOK_COPIES VALUES('440413729',5,4);
INSERT INTO BOOK_COPIES VALUES('72127481',1,2);
INSERT INTO BOOK_COPIES VALUES('72127481',2,4);
INSERT INTO BOOK_COPIES VALUES('72127481',3,4);
INSERT INTO BOOK_COPIES VALUES('72127481',4,1);
INSERT INTO BOOK_COPIES VALUES('72127481',5,0);
INSERT INTO BOOK_COPIES VALUES('201379260',1,3);
INSERT INTO BOOK_COPIES VALUES('201379260',2,2);
INSERT INTO BOOK_COPIES VALUES('201379260',3,1);
INSERT INTO BOOK_COPIES VALUES('201379260',4,1);
INSERT INTO BOOK_COPIES VALUES('201379260',5,1);
INSERT INTO BOOK_COPIES VALUES('738201960',1,2);
INSERT INTO BOOK_COPIES VALUES('738201960',2,1);
INSERT INTO BOOK_COPIES VALUES('738201960',3,3);
INSERT INTO BOOK_COPIES VALUES('738201960',4,2);
INSERT INTO BOOK_COPIES VALUES('738201960',5,1);
INSERT INTO BOOK_COPIES VALUES('374141231',1,3);
INSERT INTO BOOK_COPIES VALUES('374141231',2,1);
INSERT INTO BOOK_COPIES VALUES('374141231',3,4);
INSERT INTO BOOK_COPIES VALUES('374141231',4,4);
INSERT INTO BOOK_COPIES VALUES('374141231',5,4);
INSERT INTO BOOK_COPIES VALUES('882664778',1,2);
INSERT INTO BOOK_COPIES VALUES('882664778',2,1);
INSERT INTO BOOK_COPIES VALUES('882664778',3,3);
INSERT INTO BOOK_COPIES VALUES('882664778',4,0);
INSERT INTO BOOK_COPIES VALUES('882664778',5,2);
INSERT INTO BOOK_COPIES VALUES('345350499',1,3);
INSERT INTO BOOK_COPIES VALUES('345350499',2,1);
INSERT INTO BOOK_COPIES VALUES('345350499',3,4);
INSERT INTO BOOK_COPIES VALUES('345350499',4,3);
INSERT INTO BOOK_COPIES VALUES('345350499',5,4);
INSERT INTO BOOK_COPIES VALUES('345337662',1,4);
INSERT INTO BOOK_COPIES VALUES('345337662',2,4);
INSERT INTO BOOK_COPIES VALUES('345337662',3,0);
INSERT INTO BOOK_COPIES VALUES('345337662',4,4);
INSERT INTO BOOK_COPIES VALUES('345337662',5,2);
INSERT INTO BOOK_COPIES VALUES('345377648',1,2);
INSERT INTO BOOK_COPIES VALUES('345377648',2,3);
INSERT INTO BOOK_COPIES VALUES('345377648',3,1);
INSERT INTO BOOK_COPIES VALUES('345377648',4,3);
INSERT INTO BOOK_COPIES VALUES('345377648',5,2);
INSERT INTO BOOK_COPIES VALUES('674003306',1,3);
INSERT INTO BOOK_COPIES VALUES('674003306',2,2);
INSERT INTO BOOK_COPIES VALUES('674003306',3,1);
INSERT INTO BOOK_COPIES VALUES('674003306',4,1);
INSERT INTO BOOK_COPIES VALUES('674003306',5,1);
INSERT INTO BOOK_COPIES VALUES('72127317',1,2);
INSERT INTO BOOK_COPIES VALUES('72127317',2,4);
INSERT INTO BOOK_COPIES VALUES('72127317',3,4);
INSERT INTO BOOK_COPIES VALUES('72127317',4,2);
INSERT INTO BOOK_COPIES VALUES('72127317',5,3);
INSERT INTO BOOK_COPIES VALUES('1584500492',1,1);
INSERT INTO BOOK_COPIES VALUES('1584500492',2,2);
INSERT INTO BOOK_COPIES VALUES('1584500492',3,1);
INSERT INTO BOOK_COPIES VALUES('1584500492',4,1);
INSERT INTO BOOK_COPIES VALUES('1584500492',5,1);
INSERT INTO BOOK_COPIES VALUES('671047310',1,2);
INSERT INTO BOOK_COPIES VALUES('671047310',2,4);
INSERT INTO BOOK_COPIES VALUES('671047310',3,1);
INSERT INTO BOOK_COPIES VALUES('671047310',4,0);
INSERT INTO BOOK_COPIES VALUES('671047310',5,2);
INSERT INTO BOOK_COPIES VALUES('312965095',1,4);
INSERT INTO BOOK_COPIES VALUES('312965095',2,0);
INSERT INTO BOOK_COPIES VALUES('312965095',3,2);
INSERT INTO BOOK_COPIES VALUES('312965095',4,1);
INSERT INTO BOOK_COPIES VALUES('312965095',5,3);
INSERT INTO BOOK_COPIES VALUES('553577476',1,4);
INSERT INTO BOOK_COPIES VALUES('553577476',2,1);
INSERT INTO BOOK_COPIES VALUES('553577476',3,1);
INSERT INTO BOOK_COPIES VALUES('553577476',4,4);
INSERT INTO BOOK_COPIES VALUES('553577476',5,4);
INSERT INTO BOOK_COPIES VALUES('531164497',1,3);
INSERT INTO BOOK_COPIES VALUES('531164497',2,1);
INSERT INTO BOOK_COPIES VALUES('531164497',3,0);
INSERT INTO BOOK_COPIES VALUES('531164497',4,2);
INSERT INTO BOOK_COPIES VALUES('531164497',5,1);
INSERT INTO BOOK_COPIES VALUES('812520629',1,1);
INSERT INTO BOOK_COPIES VALUES('812520629',2,0);
INSERT INTO BOOK_COPIES VALUES('812520629',3,1);
INSERT INTO BOOK_COPIES VALUES('812520629',4,4);
INSERT INTO BOOK_COPIES VALUES('812520629',5,4);
INSERT INTO BOOK_COPIES VALUES('688069711',1,1);
INSERT INTO BOOK_COPIES VALUES('688069711',2,0);
INSERT INTO BOOK_COPIES VALUES('688069711',3,4);
INSERT INTO BOOK_COPIES VALUES('688069711',4,3);
INSERT INTO BOOK_COPIES VALUES('688069711',5,4);
INSERT INTO BOOK_COPIES VALUES('932813739',1,2);
INSERT INTO BOOK_COPIES VALUES('932813739',2,0);
INSERT INTO BOOK_COPIES VALUES('932813739',3,3);
INSERT INTO BOOK_COPIES VALUES('932813739',4,2);
INSERT INTO BOOK_COPIES VALUES('932813739',5,4);
INSERT INTO BOOK_COPIES VALUES('961549890',1,4);
INSERT INTO BOOK_COPIES VALUES('961549890',2,1);
INSERT INTO BOOK_COPIES VALUES('961549890',3,2);
INSERT INTO BOOK_COPIES VALUES('961549890',4,0);
INSERT INTO BOOK_COPIES VALUES('961549890',5,1);
INSERT INTO BOOK_COPIES VALUES('789404257',1,1);
INSERT INTO BOOK_COPIES VALUES('789404257',2,0);
INSERT INTO BOOK_COPIES VALUES('789404257',3,2);
INSERT INTO BOOK_COPIES VALUES('789404257',4,0);
INSERT INTO BOOK_COPIES VALUES('789404257',5,1);
INSERT INTO BOOK_COPIES VALUES('449911942',1,2);
INSERT INTO BOOK_COPIES VALUES('449911942',2,0);
INSERT INTO BOOK_COPIES VALUES('449911942',3,1);
INSERT INTO BOOK_COPIES VALUES('449911942',4,1);
INSERT INTO BOOK_COPIES VALUES('449911942',5,2);
INSERT INTO BOOK_COPIES VALUES('393316009',1,1);
INSERT INTO BOOK_COPIES VALUES('393316009',2,0);
INSERT INTO BOOK_COPIES VALUES('393316009',3,1);
INSERT INTO BOOK_COPIES VALUES('393316009',4,4);
INSERT INTO BOOK_COPIES VALUES('393316009',5,4);
INSERT INTO BOOK_COPIES VALUES('067976674X',1,2);
INSERT INTO BOOK_COPIES VALUES('067976674X',2,1);
INSERT INTO BOOK_COPIES VALUES('067976674X',3,0);
INSERT INTO BOOK_COPIES VALUES('067976674X',4,3);
INSERT INTO BOOK_COPIES VALUES('067976674X',5,0);
INSERT INTO BOOK_COPIES VALUES('471597619',1,4);
INSERT INTO BOOK_COPIES VALUES('471597619',2,0);
INSERT INTO BOOK_COPIES VALUES('471597619',3,3);
INSERT INTO BOOK_COPIES VALUES('471597619',4,2);
INSERT INTO BOOK_COPIES VALUES('471597619',5,2);
INSERT INTO BOOK_COPIES VALUES('30303370',1,3);
INSERT INTO BOOK_COPIES VALUES('30303370',2,3);
INSERT INTO BOOK_COPIES VALUES('30303370',3,4);
INSERT INTO BOOK_COPIES VALUES('30303370',4,4);
INSERT INTO BOOK_COPIES VALUES('30303370',5,3);
INSERT INTO BOOK_COPIES VALUES('810961695',1,2);
INSERT INTO BOOK_COPIES VALUES('810961695',2,2);
INSERT INTO BOOK_COPIES VALUES('810961695',3,2);
INSERT INTO BOOK_COPIES VALUES('810961695',4,0);
INSERT INTO BOOK_COPIES VALUES('810961695',5,2);
INSERT INTO BOOK_COPIES VALUES('130264857',1,3);
INSERT INTO BOOK_COPIES VALUES('130264857',2,1);
INSERT INTO BOOK_COPIES VALUES('130264857',3,2);
INSERT INTO BOOK_COPIES VALUES('130264857',4,0);
INSERT INTO BOOK_COPIES VALUES('130264857',5,0);
INSERT INTO BOOK_COPIES VALUES('130273635',1,4);
INSERT INTO BOOK_COPIES VALUES('130273635',2,3);
INSERT INTO BOOK_COPIES VALUES('130273635',3,1);
INSERT INTO BOOK_COPIES VALUES('130273635',4,1);
INSERT INTO BOOK_COPIES VALUES('130273635',5,4);
INSERT INTO BOOK_COPIES VALUES('083512035x',1,1);
INSERT INTO BOOK_COPIES VALUES('083512035x',2,4);
INSERT INTO BOOK_COPIES VALUES('083512035x',3,2);
INSERT INTO BOOK_COPIES VALUES('083512035x',4,4);
INSERT INTO BOOK_COPIES VALUES('083512035x',5,0);
INSERT INTO BOOK_COPIES VALUES('256228779',1,0);
INSERT INTO BOOK_COPIES VALUES('256228779',2,0);
INSERT INTO BOOK_COPIES VALUES('256228779',3,4);
INSERT INTO BOOK_COPIES VALUES('256228779',4,0);
INSERT INTO BOOK_COPIES VALUES('256228779',5,0);
INSERT INTO BOOK_COPIES VALUES('838479022',1,3);
INSERT INTO BOOK_COPIES VALUES('838479022',2,1);
INSERT INTO BOOK_COPIES VALUES('838479022',3,2);
INSERT INTO BOOK_COPIES VALUES('838479022',4,2);
INSERT INTO BOOK_COPIES VALUES('838479022',5,2);
INSERT INTO BOOK_COPIES VALUES('553283936',1,2);
INSERT INTO BOOK_COPIES VALUES('553283936',2,1);
INSERT INTO BOOK_COPIES VALUES('553283936',3,1);
INSERT INTO BOOK_COPIES VALUES('553283936',4,4);
INSERT INTO BOOK_COPIES VALUES('553283936',5,2);
INSERT INTO BOOK_COPIES VALUES('1576572862',1,2);
INSERT INTO BOOK_COPIES VALUES('1576572862',2,3);
INSERT INTO BOOK_COPIES VALUES('1576572862',3,2);
INSERT INTO BOOK_COPIES VALUES('1576572862',4,1);
INSERT INTO BOOK_COPIES VALUES('1576572862',5,2);
INSERT INTO BOOK_COPIES VALUES('1576573842',1,2);
INSERT INTO BOOK_COPIES VALUES('1576573842',2,4);
INSERT INTO BOOK_COPIES VALUES('1576573842',3,0);
INSERT INTO BOOK_COPIES VALUES('1576573842',4,1);
INSERT INTO BOOK_COPIES VALUES('1576573842',5,0);
INSERT INTO BOOK_COPIES VALUES('967174805',1,4);
INSERT INTO BOOK_COPIES VALUES('967174805',2,0);
INSERT INTO BOOK_COPIES VALUES('967174805',3,2);
INSERT INTO BOOK_COPIES VALUES('967174805',4,2);
INSERT INTO BOOK_COPIES VALUES('967174805',5,3);
INSERT INTO BOOK_COPIES VALUES('807825859',1,2);
INSERT INTO BOOK_COPIES VALUES('807825859',2,4);
INSERT INTO BOOK_COPIES VALUES('807825859',3,1);
INSERT INTO BOOK_COPIES VALUES('807825859',4,2);
INSERT INTO BOOK_COPIES VALUES('807825859',5,2);
INSERT INTO BOOK_COPIES VALUES('684818701',1,4);
INSERT INTO BOOK_COPIES VALUES('684818701',2,1);
INSERT INTO BOOK_COPIES VALUES('684818701',3,1);
INSERT INTO BOOK_COPIES VALUES('684818701',4,0);
INSERT INTO BOOK_COPIES VALUES('684818701',5,1);
INSERT INTO BOOK_COPIES VALUES('385326653',1,4);
INSERT INTO BOOK_COPIES VALUES('385326653',2,4);
INSERT INTO BOOK_COPIES VALUES('385326653',3,4);
INSERT INTO BOOK_COPIES VALUES('385326653',4,4);
INSERT INTO BOOK_COPIES VALUES('385326653',5,4);
INSERT INTO BOOK_COPIES VALUES('201615622',1,3);
INSERT INTO BOOK_COPIES VALUES('201615622',2,4);
INSERT INTO BOOK_COPIES VALUES('201615622',3,3);
INSERT INTO BOOK_COPIES VALUES('201615622',4,0);
INSERT INTO BOOK_COPIES VALUES('201615622',5,3);
INSERT INTO BOOK_COPIES VALUES('067944551X',1,3);
INSERT INTO BOOK_COPIES VALUES('067944551X',2,0);
INSERT INTO BOOK_COPIES VALUES('067944551X',3,0);
INSERT INTO BOOK_COPIES VALUES('067944551X',4,0);
INSERT INTO BOOK_COPIES VALUES('067944551X',5,0);
INSERT INTO BOOK_COPIES VALUES('810936852',1,0);
INSERT INTO BOOK_COPIES VALUES('810936852',2,2);
INSERT INTO BOOK_COPIES VALUES('810936852',3,4);
INSERT INTO BOOK_COPIES VALUES('810936852',4,0);
INSERT INTO BOOK_COPIES VALUES('810936852',5,3);
INSERT INTO BOOK_COPIES VALUES('020163371X',1,3);
INSERT INTO BOOK_COPIES VALUES('020163371X',2,1);
INSERT INTO BOOK_COPIES VALUES('020163371X',3,4);
INSERT INTO BOOK_COPIES VALUES('020163371X',4,2);
INSERT INTO BOOK_COPIES VALUES('020163371X',5,1);
INSERT INTO BOOK_COPIES VALUES('439064864',1,4);
INSERT INTO BOOK_COPIES VALUES('439064864',2,4);
INSERT INTO BOOK_COPIES VALUES('439064864',3,1);
INSERT INTO BOOK_COPIES VALUES('439064864',4,0);
INSERT INTO BOOK_COPIES VALUES('439064864',5,4);
INSERT INTO BOOK_COPIES VALUES('439136350',1,4);
INSERT INTO BOOK_COPIES VALUES('439136350',2,2);
INSERT INTO BOOK_COPIES VALUES('439136350',3,4);
INSERT INTO BOOK_COPIES VALUES('439136350',4,4);
INSERT INTO BOOK_COPIES VALUES('439136350',5,4);
INSERT INTO BOOK_COPIES VALUES('345313860',1,2);
INSERT INTO BOOK_COPIES VALUES('345313860',2,0);
INSERT INTO BOOK_COPIES VALUES('345313860',3,1);
INSERT INTO BOOK_COPIES VALUES('345313860',4,4);
INSERT INTO BOOK_COPIES VALUES('345313860',5,2);
INSERT INTO BOOK_COPIES VALUES('034538475X',1,2);
INSERT INTO BOOK_COPIES VALUES('034538475X',2,1);
INSERT INTO BOOK_COPIES VALUES('034538475X',3,0);
INSERT INTO BOOK_COPIES VALUES('034538475X',4,2);
INSERT INTO BOOK_COPIES VALUES('034538475X',5,2);
INSERT INTO BOOK_COPIES VALUES('30615372',1,3);
INSERT INTO BOOK_COPIES VALUES('30615372',2,0);
INSERT INTO BOOK_COPIES VALUES('30615372',3,3);
INSERT INTO BOOK_COPIES VALUES('30615372',4,3);
INSERT INTO BOOK_COPIES VALUES('30615372',5,1);
INSERT INTO BOOK_COPIES VALUES('201634422',1,2);
INSERT INTO BOOK_COPIES VALUES('201634422',2,1);
INSERT INTO BOOK_COPIES VALUES('201634422',3,1);
INSERT INTO BOOK_COPIES VALUES('201634422',4,0);
INSERT INTO BOOK_COPIES VALUES('201634422',5,4);
INSERT INTO BOOK_COPIES VALUES('1565926099',1,4);
INSERT INTO BOOK_COPIES VALUES('1565926099',2,4);
INSERT INTO BOOK_COPIES VALUES('1565926099',3,3);
INSERT INTO BOOK_COPIES VALUES('1565926099',4,4);
INSERT INTO BOOK_COPIES VALUES('1565926099',5,3);
INSERT INTO BOOK_COPIES VALUES('672319241',1,3);
INSERT INTO BOOK_COPIES VALUES('672319241',2,4);
INSERT INTO BOOK_COPIES VALUES('672319241',3,1);
INSERT INTO BOOK_COPIES VALUES('672319241',4,3);
INSERT INTO BOOK_COPIES VALUES('672319241',5,4);
INSERT INTO BOOK_COPIES VALUES('534368018',1,0);
INSERT INTO BOOK_COPIES VALUES('534368018',2,0);
INSERT INTO BOOK_COPIES VALUES('534368018',3,3);
INSERT INTO BOOK_COPIES VALUES('534368018',4,1);
INSERT INTO BOOK_COPIES VALUES('534368018',5,1);
INSERT INTO BOOK_COPIES VALUES('136603904',1,1);
INSERT INTO BOOK_COPIES VALUES('136603904',2,3);
INSERT INTO BOOK_COPIES VALUES('136603904',3,0);
INSERT INTO BOOK_COPIES VALUES('136603904',4,2);
INSERT INTO BOOK_COPIES VALUES('136603904',5,0);
INSERT INTO BOOK_COPIES VALUES('671032658',1,3);
INSERT INTO BOOK_COPIES VALUES('671032658',2,3);
INSERT INTO BOOK_COPIES VALUES('671032658',3,3);
INSERT INTO BOOK_COPIES VALUES('671032658',4,1);
INSERT INTO BOOK_COPIES VALUES('671032658',5,4);
INSERT INTO BOOK_COPIES VALUES('811826848',1,1);
INSERT INTO BOOK_COPIES VALUES('811826848',2,0);
INSERT INTO BOOK_COPIES VALUES('811826848',3,2);
INSERT INTO BOOK_COPIES VALUES('811826848',4,2);
INSERT INTO BOOK_COPIES VALUES('811826848',5,0);
INSERT INTO BOOK_COPIES VALUES('316769487',1,2);
INSERT INTO BOOK_COPIES VALUES('316769487',2,4);
INSERT INTO BOOK_COPIES VALUES('316769487',3,2);
INSERT INTO BOOK_COPIES VALUES('316769487',4,2);
INSERT INTO BOOK_COPIES VALUES('316769487',5,1);
INSERT INTO BOOK_COPIES VALUES('446310783',1,3);
INSERT INTO BOOK_COPIES VALUES('446310783',2,3);
INSERT INTO BOOK_COPIES VALUES('446310783',3,4);
INSERT INTO BOOK_COPIES VALUES('446310783',4,2);
INSERT INTO BOOK_COPIES VALUES('446310783',5,2);
INSERT INTO BOOK_COPIES VALUES('684801523',1,4);
INSERT INTO BOOK_COPIES VALUES('684801523',2,2);
INSERT INTO BOOK_COPIES VALUES('684801523',3,2);
INSERT INTO BOOK_COPIES VALUES('684801523',4,2);
INSERT INTO BOOK_COPIES VALUES('684801523',5,3);
INSERT INTO BOOK_COPIES VALUES('345419758',1,0);
INSERT INTO BOOK_COPIES VALUES('345419758',2,4);
INSERT INTO BOOK_COPIES VALUES('345419758',3,2);
INSERT INTO BOOK_COPIES VALUES('345419758',4,4);
INSERT INTO BOOK_COPIES VALUES('345419758',5,2);
INSERT INTO BOOK_COPIES VALUES('1557044287',1,0);
INSERT INTO BOOK_COPIES VALUES('1557044287',2,4);
INSERT INTO BOOK_COPIES VALUES('1557044287',3,1);
INSERT INTO BOOK_COPIES VALUES('1557044287',4,1);
INSERT INTO BOOK_COPIES VALUES('1557044287',5,2);
INSERT INTO BOOK_COPIES VALUES('553575538',1,0);
INSERT INTO BOOK_COPIES VALUES('553575538',2,4);
INSERT INTO BOOK_COPIES VALUES('553575538',3,0);
INSERT INTO BOOK_COPIES VALUES('553575538',4,2);
INSERT INTO BOOK_COPIES VALUES('553575538',5,3);
INSERT INTO BOOK_COPIES VALUES('743215052',1,3);
INSERT INTO BOOK_COPIES VALUES('743215052',2,1);
INSERT INTO BOOK_COPIES VALUES('743215052',3,0);
INSERT INTO BOOK_COPIES VALUES('743215052',4,2);
INSERT INTO BOOK_COPIES VALUES('743215052',5,3);
INSERT INTO BOOK_COPIES VALUES('821762559',1,4);
INSERT INTO BOOK_COPIES VALUES('821762559',2,1);
INSERT INTO BOOK_COPIES VALUES('821762559',3,1);
INSERT INTO BOOK_COPIES VALUES('821762559',4,3);
INSERT INTO BOOK_COPIES VALUES('821762559',5,4);
INSERT INTO BOOK_COPIES VALUES('1552047210',1,0);
INSERT INTO BOOK_COPIES VALUES('1552047210',2,4);
INSERT INTO BOOK_COPIES VALUES('1552047210',3,2);
INSERT INTO BOOK_COPIES VALUES('1552047210',4,1);
INSERT INTO BOOK_COPIES VALUES('1552047210',5,3);
INSERT INTO BOOK_COPIES VALUES('738204374',1,4);
INSERT INTO BOOK_COPIES VALUES('738204374',2,0);
INSERT INTO BOOK_COPIES VALUES('738204374',3,1);
INSERT INTO BOOK_COPIES VALUES('738204374',4,2);
INSERT INTO BOOK_COPIES VALUES('738204374',5,4);
INSERT INTO BOOK_COPIES VALUES('425133540',1,2);
INSERT INTO BOOK_COPIES VALUES('425133540',2,0);
INSERT INTO BOOK_COPIES VALUES('425133540',3,2);
INSERT INTO BOOK_COPIES VALUES('425133540',4,3);
INSERT INTO BOOK_COPIES VALUES('425133540',5,3);
INSERT INTO BOOK_COPIES VALUES('425147584',1,1);
INSERT INTO BOOK_COPIES VALUES('425147584',2,3);
INSERT INTO BOOK_COPIES VALUES('425147584',3,3);
INSERT INTO BOOK_COPIES VALUES('425147584',4,4);
INSERT INTO BOOK_COPIES VALUES('425147584',5,4);
INSERT INTO BOOK_COPIES VALUES('1864364432',1,4);
INSERT INTO BOOK_COPIES VALUES('1864364432',2,4);
INSERT INTO BOOK_COPIES VALUES('1864364432',3,3);
INSERT INTO BOOK_COPIES VALUES('1864364432',4,1);
INSERT INTO BOOK_COPIES VALUES('1864364432',5,4);
INSERT INTO BOOK_COPIES VALUES('688160999',1,1);
INSERT INTO BOOK_COPIES VALUES('688160999',2,1);
INSERT INTO BOOK_COPIES VALUES('688160999',3,1);
INSERT INTO BOOK_COPIES VALUES('688160999',4,3);
INSERT INTO BOOK_COPIES VALUES('688160999',5,3);
INSERT INTO BOOK_COPIES VALUES('966625307',1,4);
INSERT INTO BOOK_COPIES VALUES('966625307',2,0);
INSERT INTO BOOK_COPIES VALUES('966625307',3,4);
INSERT INTO BOOK_COPIES VALUES('966625307',4,1);
INSERT INTO BOOK_COPIES VALUES('966625307',5,2);
INSERT INTO BOOK_COPIES VALUES('038071115X',1,4);
INSERT INTO BOOK_COPIES VALUES('038071115X',2,1);
INSERT INTO BOOK_COPIES VALUES('038071115X',3,2);
INSERT INTO BOOK_COPIES VALUES('038071115X',4,2);
INSERT INTO BOOK_COPIES VALUES('038071115X',5,0);
INSERT INTO BOOK_COPIES VALUES('138613370',1,2);
INSERT INTO BOOK_COPIES VALUES('138613370',2,3);
INSERT INTO BOOK_COPIES VALUES('138613370',3,2);
INSERT INTO BOOK_COPIES VALUES('138613370',4,0);
INSERT INTO BOOK_COPIES VALUES('138613370',5,4);
INSERT INTO BOOK_COPIES VALUES('70349096',1,3);
INSERT INTO BOOK_COPIES VALUES('70349096',2,4);
INSERT INTO BOOK_COPIES VALUES('70349096',3,4);
INSERT INTO BOOK_COPIES VALUES('70349096',4,1);
INSERT INTO BOOK_COPIES VALUES('70349096',5,2);
INSERT INTO BOOK_COPIES VALUES('874779758',1,3);
INSERT INTO BOOK_COPIES VALUES('874779758',2,3);
INSERT INTO BOOK_COPIES VALUES('874779758',3,4);
INSERT INTO BOOK_COPIES VALUES('874779758',4,3);
INSERT INTO BOOK_COPIES VALUES('874779758',5,0);
INSERT INTO BOOK_COPIES VALUES('198503652',1,2);
INSERT INTO BOOK_COPIES VALUES('198503652',2,4);
INSERT INTO BOOK_COPIES VALUES('198503652',3,1);
INSERT INTO BOOK_COPIES VALUES('198503652',4,4);
INSERT INTO BOOK_COPIES VALUES('198503652',5,1);
INSERT INTO BOOK_COPIES VALUES('590956159',1,3);
INSERT INTO BOOK_COPIES VALUES('590956159',2,4);
INSERT INTO BOOK_COPIES VALUES('590956159',3,4);
INSERT INTO BOOK_COPIES VALUES('590956159',4,0);
INSERT INTO BOOK_COPIES VALUES('590956159',5,1);
INSERT INTO BOOK_COPIES VALUES('911625593',1,4);
INSERT INTO BOOK_COPIES VALUES('911625593',2,0);
INSERT INTO BOOK_COPIES VALUES('911625593',3,1);
INSERT INTO BOOK_COPIES VALUES('911625593',4,3);
INSERT INTO BOOK_COPIES VALUES('911625593',5,2);
INSERT INTO BOOK_COPIES VALUES('911625453',1,1);
INSERT INTO BOOK_COPIES VALUES('911625453',2,4);
INSERT INTO BOOK_COPIES VALUES('911625453',3,1);
INSERT INTO BOOK_COPIES VALUES('911625453',4,0);
INSERT INTO BOOK_COPIES VALUES('911625453',5,3);
INSERT INTO BOOK_COPIES VALUES('78823927',1,1);
INSERT INTO BOOK_COPIES VALUES('78823927',2,4);
INSERT INTO BOOK_COPIES VALUES('78823927',3,0);
INSERT INTO BOOK_COPIES VALUES('78823927',4,3);
INSERT INTO BOOK_COPIES VALUES('78823927',5,4);
INSERT INTO BOOK_COPIES VALUES('1884133258',1,4);
INSERT INTO BOOK_COPIES VALUES('1884133258',2,0);
INSERT INTO BOOK_COPIES VALUES('1884133258',3,1);
INSERT INTO BOOK_COPIES VALUES('1884133258',4,4);
INSERT INTO BOOK_COPIES VALUES('1884133258',5,4);
INSERT INTO BOOK_COPIES VALUES('760049254',1,0);
INSERT INTO BOOK_COPIES VALUES('760049254',2,0);
INSERT INTO BOOK_COPIES VALUES('760049254',3,1);
INSERT INTO BOOK_COPIES VALUES('760049254',4,0);
INSERT INTO BOOK_COPIES VALUES('760049254',5,2);
INSERT INTO BOOK_COPIES VALUES('314129499',1,4);
INSERT INTO BOOK_COPIES VALUES('314129499',2,0);
INSERT INTO BOOK_COPIES VALUES('314129499',3,4);
INSERT INTO BOOK_COPIES VALUES('314129499',4,0);
INSERT INTO BOOK_COPIES VALUES('314129499',5,1);
INSERT INTO BOOK_COPIES VALUES('962593460X',1,4);
INSERT INTO BOOK_COPIES VALUES('962593460X',2,2);
INSERT INTO BOOK_COPIES VALUES('962593460X',3,2);
INSERT INTO BOOK_COPIES VALUES('962593460X',4,4);
INSERT INTO BOOK_COPIES VALUES('962593460X',5,1);
INSERT INTO BOOK_COPIES VALUES('062593460X',1,2);
INSERT INTO BOOK_COPIES VALUES('062593460X',2,2);
INSERT INTO BOOK_COPIES VALUES('062593460X',3,0);
INSERT INTO BOOK_COPIES VALUES('062593460X',4,1);
INSERT INTO BOOK_COPIES VALUES('062593460X',5,3);
INSERT INTO BOOK_COPIES VALUES('743202104',1,4);
INSERT INTO BOOK_COPIES VALUES('743202104',2,0);
INSERT INTO BOOK_COPIES VALUES('743202104',3,3);
INSERT INTO BOOK_COPIES VALUES('743202104',4,0);
INSERT INTO BOOK_COPIES VALUES('743202104',5,3);
INSERT INTO BOOK_COPIES VALUES('936184388',1,2);
INSERT INTO BOOK_COPIES VALUES('936184388',2,0);
INSERT INTO BOOK_COPIES VALUES('936184388',3,4);
INSERT INTO BOOK_COPIES VALUES('936184388',4,4);
INSERT INTO BOOK_COPIES VALUES('936184388',5,3);
INSERT INTO BOOK_COPIES VALUES('689829418',1,0);
INSERT INTO BOOK_COPIES VALUES('689829418',2,1);
INSERT INTO BOOK_COPIES VALUES('689829418',3,4);
INSERT INTO BOOK_COPIES VALUES('689829418',4,3);
INSERT INTO BOOK_COPIES VALUES('689829418',5,3);
INSERT INTO BOOK_COPIES VALUES('961470151',1,4);
INSERT INTO BOOK_COPIES VALUES('961470151',2,4);
INSERT INTO BOOK_COPIES VALUES('961470151',3,0);
INSERT INTO BOOK_COPIES VALUES('961470151',4,2);
INSERT INTO BOOK_COPIES VALUES('961470151',5,1);
INSERT INTO BOOK_COPIES VALUES('887251714',1,1);
INSERT INTO BOOK_COPIES VALUES('887251714',2,3);
INSERT INTO BOOK_COPIES VALUES('887251714',3,1);
INSERT INTO BOOK_COPIES VALUES('887251714',4,3);
INSERT INTO BOOK_COPIES VALUES('887251714',5,4);
INSERT INTO BOOK_COPIES VALUES('201615711',1,0);
INSERT INTO BOOK_COPIES VALUES('201615711',2,3);
INSERT INTO BOOK_COPIES VALUES('201615711',3,0);
INSERT INTO BOOK_COPIES VALUES('201615711',4,2);
INSERT INTO BOOK_COPIES VALUES('201615711',5,2);
INSERT INTO BOOK_COPIES VALUES('1565922840',1,0);
INSERT INTO BOOK_COPIES VALUES('1565922840',2,1);
INSERT INTO BOOK_COPIES VALUES('1565922840',3,1);
INSERT INTO BOOK_COPIES VALUES('1565922840',4,1);
INSERT INTO BOOK_COPIES VALUES('1565922840',5,4);
INSERT INTO BOOK_COPIES VALUES('345438310',1,1);
INSERT INTO BOOK_COPIES VALUES('345438310',2,3);
INSERT INTO BOOK_COPIES VALUES('345438310',3,2);
INSERT INTO BOOK_COPIES VALUES('345438310',4,4);
INSERT INTO BOOK_COPIES VALUES('345438310',5,2);
INSERT INTO BOOK_COPIES VALUES('345298063',1,2);
INSERT INTO BOOK_COPIES VALUES('345298063',2,4);
INSERT INTO BOOK_COPIES VALUES('345298063',3,4);
INSERT INTO BOOK_COPIES VALUES('345298063',4,2);
INSERT INTO BOOK_COPIES VALUES('345298063',5,3);
INSERT INTO BOOK_COPIES VALUES('764547161',1,2);
INSERT INTO BOOK_COPIES VALUES('764547161',2,1);
INSERT INTO BOOK_COPIES VALUES('764547161',3,2);
INSERT INTO BOOK_COPIES VALUES('764547161',4,2);
INSERT INTO BOOK_COPIES VALUES('764547161',5,4);
INSERT INTO BOOK_COPIES VALUES('471105597',1,3);
INSERT INTO BOOK_COPIES VALUES('471105597',2,0);
INSERT INTO BOOK_COPIES VALUES('471105597',3,1);
INSERT INTO BOOK_COPIES VALUES('471105597',4,0);
INSERT INTO BOOK_COPIES VALUES('471105597',5,2);
INSERT INTO BOOK_COPIES VALUES('399501487',1,1);
INSERT INTO BOOK_COPIES VALUES('399501487',2,2);
INSERT INTO BOOK_COPIES VALUES('399501487',3,3);
INSERT INTO BOOK_COPIES VALUES('399501487',4,2);
INSERT INTO BOOK_COPIES VALUES('399501487',5,1);
INSERT INTO BOOK_COPIES VALUES('1581950098',1,0);
INSERT INTO BOOK_COPIES VALUES('1581950098',2,3);
INSERT INTO BOOK_COPIES VALUES('1581950098',3,4);
INSERT INTO BOOK_COPIES VALUES('1581950098',4,2);
INSERT INTO BOOK_COPIES VALUES('1581950098',5,2);
INSERT INTO BOOK_COPIES VALUES('689813813',1,2);
INSERT INTO BOOK_COPIES VALUES('689813813',2,3);
INSERT INTO BOOK_COPIES VALUES('689813813',3,2);
INSERT INTO BOOK_COPIES VALUES('689813813',4,1);
INSERT INTO BOOK_COPIES VALUES('689813813',5,3);
INSERT INTO BOOK_COPIES VALUES('70121430',1,1);
INSERT INTO BOOK_COPIES VALUES('70121430',2,4);
INSERT INTO BOOK_COPIES VALUES('70121430',3,4);
INSERT INTO BOOK_COPIES VALUES('70121430',4,0);
INSERT INTO BOOK_COPIES VALUES('70121430',5,4);
INSERT INTO BOOK_COPIES VALUES('870212850',1,1);
INSERT INTO BOOK_COPIES VALUES('870212850',2,2);
INSERT INTO BOOK_COPIES VALUES('870212850',3,0);
INSERT INTO BOOK_COPIES VALUES('870212850',4,3);
INSERT INTO BOOK_COPIES VALUES('870212850',5,2);
INSERT INTO BOOK_COPIES VALUES('849323754',1,1);
INSERT INTO BOOK_COPIES VALUES('849323754',2,1);
INSERT INTO BOOK_COPIES VALUES('849323754',3,3);
INSERT INTO BOOK_COPIES VALUES('849323754',4,0);
INSERT INTO BOOK_COPIES VALUES('849323754',5,4);
INSERT INTO BOOK_COPIES VALUES('864426429',1,3);
INSERT INTO BOOK_COPIES VALUES('864426429',2,2);
INSERT INTO BOOK_COPIES VALUES('864426429',3,1);
INSERT INTO BOOK_COPIES VALUES('864426429',4,3);
INSERT INTO BOOK_COPIES VALUES('864426429',5,0);
INSERT INTO BOOK_COPIES VALUES('767903854',1,1);
INSERT INTO BOOK_COPIES VALUES('767903854',2,1);
INSERT INTO BOOK_COPIES VALUES('767903854',3,0);
INSERT INTO BOOK_COPIES VALUES('767903854',4,3);
INSERT INTO BOOK_COPIES VALUES('767903854',5,4);
INSERT INTO BOOK_COPIES VALUES('1573225312',1,0);
INSERT INTO BOOK_COPIES VALUES('1573225312',2,1);
INSERT INTO BOOK_COPIES VALUES('1573225312',3,0);
INSERT INTO BOOK_COPIES VALUES('1573225312',4,0);
INSERT INTO BOOK_COPIES VALUES('1573225312',5,4);
INSERT INTO BOOK_COPIES VALUES('811213668',1,2);
INSERT INTO BOOK_COPIES VALUES('811213668',2,3);
INSERT INTO BOOK_COPIES VALUES('811213668',3,2);
INSERT INTO BOOK_COPIES VALUES('811213668',4,1);
INSERT INTO BOOK_COPIES VALUES('811213668',5,1);
INSERT INTO BOOK_COPIES VALUES('093570261x',1,3);
INSERT INTO BOOK_COPIES VALUES('093570261x',2,0);
INSERT INTO BOOK_COPIES VALUES('093570261x',3,0);
INSERT INTO BOOK_COPIES VALUES('093570261x',4,3);
INSERT INTO BOOK_COPIES VALUES('093570261x',5,1);
INSERT INTO BOOK_COPIES VALUES('201709287',1,2);
INSERT INTO BOOK_COPIES VALUES('201709287',2,1);
INSERT INTO BOOK_COPIES VALUES('201709287',3,3);
INSERT INTO BOOK_COPIES VALUES('201709287',4,0);
INSERT INTO BOOK_COPIES VALUES('201709287',5,3);
INSERT INTO BOOK_COPIES VALUES('750650869',1,3);
INSERT INTO BOOK_COPIES VALUES('750650869',2,2);
INSERT INTO BOOK_COPIES VALUES('750650869',3,1);
INSERT INTO BOOK_COPIES VALUES('750650869',4,2);
INSERT INTO BOOK_COPIES VALUES('750650869',5,4);
INSERT INTO BOOK_COPIES VALUES('789305003',1,3);
INSERT INTO BOOK_COPIES VALUES('789305003',2,4);
INSERT INTO BOOK_COPIES VALUES('789305003',3,0);
INSERT INTO BOOK_COPIES VALUES('789305003',4,1);
INSERT INTO BOOK_COPIES VALUES('789305003',5,3);
INSERT INTO BOOK_COPIES VALUES('120594757',1,0);
INSERT INTO BOOK_COPIES VALUES('120594757',2,0);
INSERT INTO BOOK_COPIES VALUES('120594757',3,2);
INSERT INTO BOOK_COPIES VALUES('120594757',4,1);
INSERT INTO BOOK_COPIES VALUES('120594757',5,1);
INSERT INTO BOOK_COPIES VALUES('78823978',1,2);
INSERT INTO BOOK_COPIES VALUES('78823978',2,2);
INSERT INTO BOOK_COPIES VALUES('78823978',3,0);
INSERT INTO BOOK_COPIES VALUES('78823978',4,4);
INSERT INTO BOOK_COPIES VALUES('78823978',5,4);
INSERT INTO BOOK_COPIES VALUES('449202496',1,4);
INSERT INTO BOOK_COPIES VALUES('449202496',2,2);
INSERT INTO BOOK_COPIES VALUES('449202496',3,3);
INSERT INTO BOOK_COPIES VALUES('449202496',4,1);
INSERT INTO BOOK_COPIES VALUES('449202496',5,4);
INSERT INTO BOOK_COPIES VALUES('528838180',1,1);
INSERT INTO BOOK_COPIES VALUES('528838180',2,1);
INSERT INTO BOOK_COPIES VALUES('528838180',3,4);
INSERT INTO BOOK_COPIES VALUES('528838180',4,1);
INSERT INTO BOOK_COPIES VALUES('528838180',5,2);
INSERT INTO BOOK_COPIES VALUES('761117199',1,0);
INSERT INTO BOOK_COPIES VALUES('761117199',2,1);
INSERT INTO BOOK_COPIES VALUES('761117199',3,1);
INSERT INTO BOOK_COPIES VALUES('761117199',4,2);
INSERT INTO BOOK_COPIES VALUES('761117199',5,2);
INSERT INTO BOOK_COPIES VALUES('60393645',1,4);
INSERT INTO BOOK_COPIES VALUES('60393645',2,4);
INSERT INTO BOOK_COPIES VALUES('60393645',3,1);
INSERT INTO BOOK_COPIES VALUES('60393645',4,1);
INSERT INTO BOOK_COPIES VALUES('60393645',5,0);
INSERT INTO BOOK_COPIES VALUES('1586480103',1,2);
INSERT INTO BOOK_COPIES VALUES('1586480103',2,2);
INSERT INTO BOOK_COPIES VALUES('1586480103',3,3);
INSERT INTO BOOK_COPIES VALUES('1586480103',4,1);
INSERT INTO BOOK_COPIES VALUES('1586480103',5,0);
INSERT INTO BOOK_COPIES VALUES('809299674',1,2);
INSERT INTO BOOK_COPIES VALUES('809299674',2,2);
INSERT INTO BOOK_COPIES VALUES('809299674',3,2);
INSERT INTO BOOK_COPIES VALUES('809299674',4,2);
INSERT INTO BOOK_COPIES VALUES('809299674',5,3);
INSERT INTO BOOK_COPIES VALUES('037541164X',1,2);
INSERT INTO BOOK_COPIES VALUES('037541164X',2,0);
INSERT INTO BOOK_COPIES VALUES('037541164X',3,4);
INSERT INTO BOOK_COPIES VALUES('037541164X',4,2);
INSERT INTO BOOK_COPIES VALUES('037541164X',5,1);
INSERT INTO BOOK_COPIES VALUES('684856093',1,3);
INSERT INTO BOOK_COPIES VALUES('684856093',2,4);
INSERT INTO BOOK_COPIES VALUES('684856093',3,1);
INSERT INTO BOOK_COPIES VALUES('684856093',4,0);
INSERT INTO BOOK_COPIES VALUES('684856093',5,2);
INSERT INTO BOOK_COPIES VALUES('375400818',1,3);
INSERT INTO BOOK_COPIES VALUES('375400818',2,2);
INSERT INTO BOOK_COPIES VALUES('375400818',3,4);
INSERT INTO BOOK_COPIES VALUES('375400818',4,1);
INSERT INTO BOOK_COPIES VALUES('375400818',5,2);
INSERT INTO BOOK_COPIES VALUES('716736381',1,4);
INSERT INTO BOOK_COPIES VALUES('716736381',2,4);
INSERT INTO BOOK_COPIES VALUES('716736381',3,1);
INSERT INTO BOOK_COPIES VALUES('716736381',4,1);
INSERT INTO BOOK_COPIES VALUES('716736381',5,1);
INSERT INTO BOOK_COPIES VALUES('399146652',1,2);
INSERT INTO BOOK_COPIES VALUES('399146652',2,3);
INSERT INTO BOOK_COPIES VALUES('399146652',3,3);
INSERT INTO BOOK_COPIES VALUES('399146652',4,2);
INSERT INTO BOOK_COPIES VALUES('399146652',5,3);
INSERT INTO BOOK_COPIES VALUES('439139597',1,1);
INSERT INTO BOOK_COPIES VALUES('439139597',2,2);
INSERT INTO BOOK_COPIES VALUES('439139597',3,1);
INSERT INTO BOOK_COPIES VALUES('439139597',4,2);
INSERT INTO BOOK_COPIES VALUES('439139597',5,3);
INSERT INTO BOOK_COPIES VALUES('910146691',1,3);
INSERT INTO BOOK_COPIES VALUES('910146691',2,4);
INSERT INTO BOOK_COPIES VALUES('910146691',3,4);
INSERT INTO BOOK_COPIES VALUES('910146691',4,0);
INSERT INTO BOOK_COPIES VALUES('910146691',5,3);
INSERT INTO BOOK_COPIES VALUES('1930110006',1,1);
INSERT INTO BOOK_COPIES VALUES('1930110006',2,1);
INSERT INTO BOOK_COPIES VALUES('1930110006',3,0);
INSERT INTO BOOK_COPIES VALUES('1930110006',4,2);
INSERT INTO BOOK_COPIES VALUES('1930110006',5,1);
INSERT INTO BOOK_COPIES VALUES('312135033',1,4);
INSERT INTO BOOK_COPIES VALUES('312135033',2,1);
INSERT INTO BOOK_COPIES VALUES('312135033',3,1);
INSERT INTO BOOK_COPIES VALUES('312135033',4,0);
INSERT INTO BOOK_COPIES VALUES('312135033',5,4);
INSERT INTO BOOK_COPIES VALUES('505523078',1,2);
INSERT INTO BOOK_COPIES VALUES('505523078',2,3);
INSERT INTO BOOK_COPIES VALUES('505523078',3,2);
INSERT INTO BOOK_COPIES VALUES('505523078',4,0);
INSERT INTO BOOK_COPIES VALUES('505523078',5,1);
INSERT INTO BOOK_COPIES VALUES('672314800',1,1);
INSERT INTO BOOK_COPIES VALUES('672314800',2,4);
INSERT INTO BOOK_COPIES VALUES('672314800',3,2);
INSERT INTO BOOK_COPIES VALUES('672314800',4,0);
INSERT INTO BOOK_COPIES VALUES('672314800',5,0);
INSERT INTO BOOK_COPIES VALUES('020165783X',1,4);
INSERT INTO BOOK_COPIES VALUES('020165783X',2,1);
INSERT INTO BOOK_COPIES VALUES('020165783X',3,2);
INSERT INTO BOOK_COPIES VALUES('020165783X',4,2);
INSERT INTO BOOK_COPIES VALUES('020165783X',5,4);
INSERT INTO BOOK_COPIES VALUES('425143325',1,1);
INSERT INTO BOOK_COPIES VALUES('425143325',2,4);
INSERT INTO BOOK_COPIES VALUES('425143325',3,0);
INSERT INTO BOOK_COPIES VALUES('425143325',4,3);
INSERT INTO BOOK_COPIES VALUES('425143325',5,2);
INSERT INTO BOOK_COPIES VALUES('345384466',1,3);
INSERT INTO BOOK_COPIES VALUES('345384466',2,0);
INSERT INTO BOOK_COPIES VALUES('345384466',3,2);
INSERT INTO BOOK_COPIES VALUES('345384466',4,4);
INSERT INTO BOOK_COPIES VALUES('345384466',5,4);
INSERT INTO BOOK_COPIES VALUES('71354190',1,0);
INSERT INTO BOOK_COPIES VALUES('71354190',2,4);
INSERT INTO BOOK_COPIES VALUES('71354190',3,2);
INSERT INTO BOOK_COPIES VALUES('71354190',4,0);
INSERT INTO BOOK_COPIES VALUES('71354190',5,3);
INSERT INTO BOOK_COPIES VALUES('120848104',1,3);
INSERT INTO BOOK_COPIES VALUES('120848104',2,1);
INSERT INTO BOOK_COPIES VALUES('120848104',3,1);
INSERT INTO BOOK_COPIES VALUES('120848104',4,3);
INSERT INTO BOOK_COPIES VALUES('120848104',5,1);
INSERT INTO BOOK_COPIES VALUES('684869519',1,0);
INSERT INTO BOOK_COPIES VALUES('684869519',2,3);
INSERT INTO BOOK_COPIES VALUES('684869519',3,3);
INSERT INTO BOOK_COPIES VALUES('684869519',4,0);
INSERT INTO BOOK_COPIES VALUES('684869519',5,1);
INSERT INTO BOOK_COPIES VALUES('156007754',1,1);
INSERT INTO BOOK_COPIES VALUES('156007754',2,3);
INSERT INTO BOOK_COPIES VALUES('156007754',3,3);
INSERT INTO BOOK_COPIES VALUES('156007754',4,0);
INSERT INTO BOOK_COPIES VALUES('156007754',5,0);
INSERT INTO BOOK_COPIES VALUES('067100767X',1,3);
INSERT INTO BOOK_COPIES VALUES('067100767X',2,2);
INSERT INTO BOOK_COPIES VALUES('067100767X',3,0);
INSERT INTO BOOK_COPIES VALUES('067100767X',4,3);
INSERT INTO BOOK_COPIES VALUES('067100767X',5,3);
INSERT INTO BOOK_COPIES VALUES('1565926269',1,0);
INSERT INTO BOOK_COPIES VALUES('1565926269',2,0);
INSERT INTO BOOK_COPIES VALUES('1565926269',3,4);
INSERT INTO BOOK_COPIES VALUES('1565926269',4,4);
INSERT INTO BOOK_COPIES VALUES('1565926269',5,4);
INSERT INTO BOOK_COPIES VALUES('1878529234',1,1);
INSERT INTO BOOK_COPIES VALUES('1878529234',2,3);
INSERT INTO BOOK_COPIES VALUES('1878529234',3,2);
INSERT INTO BOOK_COPIES VALUES('1878529234',4,2);
INSERT INTO BOOK_COPIES VALUES('1878529234',5,0);
INSERT INTO BOOK_COPIES VALUES('70498415',1,0);
INSERT INTO BOOK_COPIES VALUES('70498415',2,2);
INSERT INTO BOOK_COPIES VALUES('70498415',3,1);
INSERT INTO BOOK_COPIES VALUES('70498415',4,4);
INSERT INTO BOOK_COPIES VALUES('70498415',5,2);
INSERT INTO BOOK_COPIES VALUES('316695262',1,0);
INSERT INTO BOOK_COPIES VALUES('316695262',2,3);
INSERT INTO BOOK_COPIES VALUES('316695262',3,0);
INSERT INTO BOOK_COPIES VALUES('316695262',4,0);
INSERT INTO BOOK_COPIES VALUES('316695262',5,3);
INSERT INTO BOOK_COPIES VALUES('262133822',1,1);
INSERT INTO BOOK_COPIES VALUES('262133822',2,1);
INSERT INTO BOOK_COPIES VALUES('262133822',3,0);
INSERT INTO BOOK_COPIES VALUES('262133822',4,4);
INSERT INTO BOOK_COPIES VALUES('262133822',5,1);
INSERT INTO BOOK_COPIES VALUES('792393651',1,1);
INSERT INTO BOOK_COPIES VALUES('792393651',2,0);
INSERT INTO BOOK_COPIES VALUES('792393651',3,1);
INSERT INTO BOOK_COPIES VALUES('792393651',4,0);
INSERT INTO BOOK_COPIES VALUES('792393651',5,3);
INSERT INTO BOOK_COPIES VALUES('262041642',1,0);
INSERT INTO BOOK_COPIES VALUES('262041642',2,2);
INSERT INTO BOOK_COPIES VALUES('262041642',3,2);
INSERT INTO BOOK_COPIES VALUES('262041642',4,0);
INSERT INTO BOOK_COPIES VALUES('262041642',5,1);
INSERT INTO BOOK_COPIES VALUES('590496379',1,1);
INSERT INTO BOOK_COPIES VALUES('590496379',2,2);
INSERT INTO BOOK_COPIES VALUES('590496379',3,0);
INSERT INTO BOOK_COPIES VALUES('590496379',4,0);
INSERT INTO BOOK_COPIES VALUES('590496379',5,2);
INSERT INTO BOOK_COPIES VALUES('534944469',1,1);
INSERT INTO BOOK_COPIES VALUES('534944469',2,2);
INSERT INTO BOOK_COPIES VALUES('534944469',3,2);
INSERT INTO BOOK_COPIES VALUES('534944469',4,4);
INSERT INTO BOOK_COPIES VALUES('534944469',5,4);
INSERT INTO BOOK_COPIES VALUES('471587192',1,1);
INSERT INTO BOOK_COPIES VALUES('471587192',2,0);
INSERT INTO BOOK_COPIES VALUES('471587192',3,0);
INSERT INTO BOOK_COPIES VALUES('471587192',4,4);
INSERT INTO BOOK_COPIES VALUES('471587192',5,4);
INSERT INTO BOOK_COPIES VALUES('812093119',1,2);
INSERT INTO BOOK_COPIES VALUES('812093119',2,2);
INSERT INTO BOOK_COPIES VALUES('812093119',3,2);
INSERT INTO BOOK_COPIES VALUES('812093119',4,3);
INSERT INTO BOOK_COPIES VALUES('812093119',5,1);
INSERT INTO BOOK_COPIES VALUES('669076791',1,3);
INSERT INTO BOOK_COPIES VALUES('669076791',2,0);
INSERT INTO BOOK_COPIES VALUES('669076791',3,2);
INSERT INTO BOOK_COPIES VALUES('669076791',4,1);
INSERT INTO BOOK_COPIES VALUES('669076791',5,3);
INSERT INTO BOOK_COPIES VALUES('737800033',1,2);
INSERT INTO BOOK_COPIES VALUES('737800033',2,0);
INSERT INTO BOOK_COPIES VALUES('737800033',3,2);
INSERT INTO BOOK_COPIES VALUES('737800033',4,3);
INSERT INTO BOOK_COPIES VALUES('737800033',5,3);
INSERT INTO BOOK_COPIES VALUES('130819735',1,0);
INSERT INTO BOOK_COPIES VALUES('130819735',2,0);
INSERT INTO BOOK_COPIES VALUES('130819735',3,1);
INSERT INTO BOOK_COPIES VALUES('130819735',4,3);
INSERT INTO BOOK_COPIES VALUES('130819735',5,4);
INSERT INTO BOOK_COPIES VALUES('471169196',1,2);
INSERT INTO BOOK_COPIES VALUES('471169196',2,1);
INSERT INTO BOOK_COPIES VALUES('471169196',3,0);
INSERT INTO BOOK_COPIES VALUES('471169196',4,2);
INSERT INTO BOOK_COPIES VALUES('471169196',5,2);
INSERT INTO BOOK_COPIES VALUES('609607995',1,1);
INSERT INTO BOOK_COPIES VALUES('609607995',2,2);
INSERT INTO BOOK_COPIES VALUES('609607995',3,4);
INSERT INTO BOOK_COPIES VALUES('609607995',4,2);
INSERT INTO BOOK_COPIES VALUES('609607995',5,2);
INSERT INTO BOOK_COPIES VALUES('60287659',1,3);
INSERT INTO BOOK_COPIES VALUES('60287659',2,3);
INSERT INTO BOOK_COPIES VALUES('60287659',3,0);
INSERT INTO BOOK_COPIES VALUES('60287659',4,3);
INSERT INTO BOOK_COPIES VALUES('60287659',5,4);
INSERT INTO BOOK_COPIES VALUES('689836015',1,3);
INSERT INTO BOOK_COPIES VALUES('689836015',2,0);
INSERT INTO BOOK_COPIES VALUES('689836015',3,4);
INSERT INTO BOOK_COPIES VALUES('689836015',4,4);
INSERT INTO BOOK_COPIES VALUES('689836015',5,2);
INSERT INTO BOOK_COPIES VALUES('201700735',1,2);
INSERT INTO BOOK_COPIES VALUES('201700735',2,4);
INSERT INTO BOOK_COPIES VALUES('201700735',3,2);
INSERT INTO BOOK_COPIES VALUES('201700735',4,0);
INSERT INTO BOOK_COPIES VALUES('201700735',5,1);
INSERT INTO BOOK_COPIES VALUES('014051452X',1,4);
INSERT INTO BOOK_COPIES VALUES('014051452X',2,3);
INSERT INTO BOOK_COPIES VALUES('014051452X',3,3);
INSERT INTO BOOK_COPIES VALUES('014051452X',4,4);
INSERT INTO BOOK_COPIES VALUES('014051452X',5,3);
INSERT INTO BOOK_COPIES VALUES('962477060',1,3);
INSERT INTO BOOK_COPIES VALUES('962477060',2,0);
INSERT INTO BOOK_COPIES VALUES('962477060',3,0);
INSERT INTO BOOK_COPIES VALUES('962477060',4,3);
INSERT INTO BOOK_COPIES VALUES('962477060',5,4);
INSERT INTO BOOK_COPIES VALUES('399147020',1,4);
INSERT INTO BOOK_COPIES VALUES('399147020',2,4);
INSERT INTO BOOK_COPIES VALUES('399147020',3,1);
INSERT INTO BOOK_COPIES VALUES('399147020',4,0);
INSERT INTO BOOK_COPIES VALUES('399147020',5,0);
INSERT INTO BOOK_COPIES VALUES('395851580',1,2);
INSERT INTO BOOK_COPIES VALUES('395851580',2,4);
INSERT INTO BOOK_COPIES VALUES('395851580',3,0);
INSERT INTO BOOK_COPIES VALUES('395851580',4,4);
INSERT INTO BOOK_COPIES VALUES('395851580',5,2);
INSERT INTO BOOK_COPIES VALUES('596000278',1,0);
INSERT INTO BOOK_COPIES VALUES('596000278',2,3);
INSERT INTO BOOK_COPIES VALUES('596000278',3,0);
INSERT INTO BOOK_COPIES VALUES('596000278',4,1);
INSERT INTO BOOK_COPIES VALUES('596000278',5,2);
INSERT INTO BOOK_COPIES VALUES('60959290',1,1);
INSERT INTO BOOK_COPIES VALUES('60959290',2,0);
INSERT INTO BOOK_COPIES VALUES('60959290',3,2);
INSERT INTO BOOK_COPIES VALUES('60959290',4,2);
INSERT INTO BOOK_COPIES VALUES('60959290',5,0);
INSERT INTO BOOK_COPIES VALUES('517707950',1,3);
INSERT INTO BOOK_COPIES VALUES('517707950',2,4);
INSERT INTO BOOK_COPIES VALUES('517707950',3,4);
INSERT INTO BOOK_COPIES VALUES('517707950',4,1);
INSERT INTO BOOK_COPIES VALUES('517707950',5,0);
INSERT INTO BOOK_COPIES VALUES('134897250',1,4);
INSERT INTO BOOK_COPIES VALUES('134897250',2,1);
INSERT INTO BOOK_COPIES VALUES('134897250',3,3);
INSERT INTO BOOK_COPIES VALUES('134897250',4,0);
INSERT INTO BOOK_COPIES VALUES('134897250',5,0);
INSERT INTO BOOK_COPIES VALUES('042510107X',1,2);
INSERT INTO BOOK_COPIES VALUES('042510107X',2,4);
INSERT INTO BOOK_COPIES VALUES('042510107X',3,2);
INSERT INTO BOOK_COPIES VALUES('042510107X',4,3);
INSERT INTO BOOK_COPIES VALUES('042510107X',5,0);
INSERT INTO BOOK_COPIES VALUES('618056777',1,3);
INSERT INTO BOOK_COPIES VALUES('618056777',2,4);
INSERT INTO BOOK_COPIES VALUES('618056777',3,2);
INSERT INTO BOOK_COPIES VALUES('618056777',4,2);
INSERT INTO BOOK_COPIES VALUES('618056777',5,4);
INSERT INTO BOOK_COPIES VALUES('262181916',1,1);
INSERT INTO BOOK_COPIES VALUES('262181916',2,1);
INSERT INTO BOOK_COPIES VALUES('262181916',3,2);
INSERT INTO BOOK_COPIES VALUES('262181916',4,3);
INSERT INTO BOOK_COPIES VALUES('262181916',5,4);
INSERT INTO BOOK_COPIES VALUES('1566912296',1,3);
INSERT INTO BOOK_COPIES VALUES('1566912296',2,1);
INSERT INTO BOOK_COPIES VALUES('1566912296',3,2);
INSERT INTO BOOK_COPIES VALUES('1566912296',4,0);
INSERT INTO BOOK_COPIES VALUES('1566912296',5,3);
INSERT INTO BOOK_COPIES VALUES('30059380',1,4);
INSERT INTO BOOK_COPIES VALUES('30059380',2,0);
INSERT INTO BOOK_COPIES VALUES('30059380',3,0);
INSERT INTO BOOK_COPIES VALUES('30059380',4,1);
INSERT INTO BOOK_COPIES VALUES('30059380',5,4);
INSERT INTO BOOK_COPIES VALUES('671880756',1,1);
INSERT INTO BOOK_COPIES VALUES('671880756',2,3);
INSERT INTO BOOK_COPIES VALUES('671880756',3,2);
INSERT INTO BOOK_COPIES VALUES('671880756',4,3);
INSERT INTO BOOK_COPIES VALUES('671880756',5,1);
INSERT INTO BOOK_COPIES VALUES('688161995',1,3);
INSERT INTO BOOK_COPIES VALUES('688161995',2,4);
INSERT INTO BOOK_COPIES VALUES('688161995',3,1);
INSERT INTO BOOK_COPIES VALUES('688161995',4,4);
INSERT INTO BOOK_COPIES VALUES('688161995',5,1);
INSERT INTO BOOK_COPIES VALUES('688127371',1,3);
INSERT INTO BOOK_COPIES VALUES('688127371',2,4);
INSERT INTO BOOK_COPIES VALUES('688127371',3,4);
INSERT INTO BOOK_COPIES VALUES('688127371',4,3);
INSERT INTO BOOK_COPIES VALUES('688127371',5,2);
INSERT INTO BOOK_COPIES VALUES('70571864',1,4);
INSERT INTO BOOK_COPIES VALUES('70571864',2,0);
INSERT INTO BOOK_COPIES VALUES('70571864',3,4);
INSERT INTO BOOK_COPIES VALUES('70571864',4,0);
INSERT INTO BOOK_COPIES VALUES('70571864',5,3);
INSERT INTO BOOK_COPIES VALUES('465041752',1,2);
INSERT INTO BOOK_COPIES VALUES('465041752',2,2);
INSERT INTO BOOK_COPIES VALUES('465041752',3,0);
INSERT INTO BOOK_COPIES VALUES('465041752',4,3);
INSERT INTO BOOK_COPIES VALUES('465041752',5,2);
INSERT INTO BOOK_COPIES VALUES('1902618351',1,1);
INSERT INTO BOOK_COPIES VALUES('1902618351',2,1);
INSERT INTO BOOK_COPIES VALUES('1902618351',3,3);
INSERT INTO BOOK_COPIES VALUES('1902618351',4,4);
INSERT INTO BOOK_COPIES VALUES('1902618351',5,1);
INSERT INTO BOOK_COPIES VALUES('850668093',1,0);
INSERT INTO BOOK_COPIES VALUES('850668093',2,3);
INSERT INTO BOOK_COPIES VALUES('850668093',3,2);
INSERT INTO BOOK_COPIES VALUES('850668093',4,4);
INSERT INTO BOOK_COPIES VALUES('850668093',5,3);
INSERT INTO BOOK_COPIES VALUES('590262540',1,2);
INSERT INTO BOOK_COPIES VALUES('590262540',2,4);
INSERT INTO BOOK_COPIES VALUES('590262540',3,1);
INSERT INTO BOOK_COPIES VALUES('590262540',4,0);
INSERT INTO BOOK_COPIES VALUES('590262540',5,2);
INSERT INTO BOOK_COPIES VALUES('590494414',1,1);
INSERT INTO BOOK_COPIES VALUES('590494414',2,1);
INSERT INTO BOOK_COPIES VALUES('590494414',3,0);
INSERT INTO BOOK_COPIES VALUES('590494414',4,1);
INSERT INTO BOOK_COPIES VALUES('590494414',5,2);
INSERT INTO BOOK_COPIES VALUES('590494368',1,3);
INSERT INTO BOOK_COPIES VALUES('590494368',2,3);
INSERT INTO BOOK_COPIES VALUES('590494368',3,1);
INSERT INTO BOOK_COPIES VALUES('590494368',4,1);
INSERT INTO BOOK_COPIES VALUES('590494368',5,4);
INSERT INTO BOOK_COPIES VALUES('911625607',1,2);
INSERT INTO BOOK_COPIES VALUES('911625607',2,2);
INSERT INTO BOOK_COPIES VALUES('911625607',3,0);
INSERT INTO BOOK_COPIES VALUES('911625607',4,4);
INSERT INTO BOOK_COPIES VALUES('911625607',5,2);
INSERT INTO BOOK_COPIES VALUES('911625852',1,0);
INSERT INTO BOOK_COPIES VALUES('911625852',2,2);
INSERT INTO BOOK_COPIES VALUES('911625852',3,1);
INSERT INTO BOOK_COPIES VALUES('911625852',4,1);
INSERT INTO BOOK_COPIES VALUES('911625852',5,0);
INSERT INTO BOOK_COPIES VALUES('911625291',1,3);
INSERT INTO BOOK_COPIES VALUES('911625291',2,1);
INSERT INTO BOOK_COPIES VALUES('911625291',3,1);
INSERT INTO BOOK_COPIES VALUES('911625291',4,0);
INSERT INTO BOOK_COPIES VALUES('911625291',5,2);
INSERT INTO BOOK_COPIES VALUES('553102370',1,1);
INSERT INTO BOOK_COPIES VALUES('553102370',2,3);
INSERT INTO BOOK_COPIES VALUES('553102370',3,4);
INSERT INTO BOOK_COPIES VALUES('553102370',4,2);
INSERT INTO BOOK_COPIES VALUES('553102370',5,3);
INSERT INTO BOOK_COPIES VALUES('345417623',1,1);
INSERT INTO BOOK_COPIES VALUES('345417623',2,2);
INSERT INTO BOOK_COPIES VALUES('345417623',3,0);
INSERT INTO BOOK_COPIES VALUES('345417623',4,0);
INSERT INTO BOOK_COPIES VALUES('345417623',5,3);
INSERT INTO BOOK_COPIES VALUES('689829531',1,1);
INSERT INTO BOOK_COPIES VALUES('689829531',2,2);
INSERT INTO BOOK_COPIES VALUES('689829531',3,1);
INSERT INTO BOOK_COPIES VALUES('689829531',4,2);
INSERT INTO BOOK_COPIES VALUES('689829531',5,0);
INSERT INTO BOOK_COPIES VALUES('387987010',1,0);
INSERT INTO BOOK_COPIES VALUES('387987010',2,0);
INSERT INTO BOOK_COPIES VALUES('387987010',3,1);
INSERT INTO BOOK_COPIES VALUES('387987010',4,0);
INSERT INTO BOOK_COPIES VALUES('387987010',5,3);
INSERT INTO BOOK_COPIES VALUES('813527406',1,3);
INSERT INTO BOOK_COPIES VALUES('813527406',2,3);
INSERT INTO BOOK_COPIES VALUES('813527406',3,3);
INSERT INTO BOOK_COPIES VALUES('813527406',4,4);
INSERT INTO BOOK_COPIES VALUES('813527406',5,3);
INSERT INTO BOOK_COPIES VALUES('60930497',1,1);
INSERT INTO BOOK_COPIES VALUES('60930497',2,1);
INSERT INTO BOOK_COPIES VALUES('60930497',3,0);
INSERT INTO BOOK_COPIES VALUES('60930497',4,3);
INSERT INTO BOOK_COPIES VALUES('60930497',5,4);


